13a2b178-797c-4b54-83ce-27532ec0211e,Mario,Cinnamond,mcinnamond0@ezinearticles.com,Male,7719 Becker Drive
c8af28df-d543-4ad4-886c-240c722fa199,Garvey,Dungee,gdungee1@earthlink.net,Male,70 Sloan Crossing
f5b045cd-5aac-4a5b-ba24-a29084294adc,Iggy,Bitcheno,ibitcheno2@qq.com,Male,0 Gulseth Plaza
b9a4f989-176b-40d1-a381-71c77df58a4c,Martynne,Phettis,mphettis3@answers.com,Female,42823 Dovetail Point
6932a00e-abbe-470b-9f43-11ef60506caf,Emily,Clayhill,eclayhill4@unicef.org,Female,79 Dwight Avenue
9aa760e3-4540-4b07-88ba-dfe9287da0cb,Patrice,Cellier,pcellier5@oakley.com,Female,21 Grasskamp Court
006b20aa-b84c-43fe-9d32-bf669f3754c6,Carie,Whelpdale,cwhelpdale6@hexun.com,Female,9 Wayridge Point
420240c1-5e70-4f8e-9bff-882aa91bd72a,Hans,Wiffler,hwiffler7@ibm.com,Male,4 Norway Maple Way
41c4f32c-3cf8-46a8-be3b-f9b31cc61b8f,Brett,Suttell,bsuttell8@sciencedirect.com,Male,6100 Sommers Avenue
c66d98e4-5423-4def-b024-0ed0fb4355ba,Salomi,Thurner,sthurner9@slideshare.net,Female,529 Scoville Plaza
177077ed-8e2c-4b2c-b77f-709404db40c9,Rainer,Leadstone,rleadstonea@mozilla.com,Male,530 Haas Place
a565f92a-c961-4ed4-9495-080b9751f88e,Wini,Philpott,wphilpottb@wsj.com,Female,85 Vahlen Alley
f7c48ef1-a3d0-43ef-b9da-93e9eafb9b69,Mollie,Ohlsen,mohlsenc@w3.org,Female,67 Trailsway Terrace
10ad05c6-7c70-462c-a0d8-79bd4fbc8d8f,Katalin,Woodfine,kwoodfined@wiley.com,Female,87 Stuart Terrace
71f69693-831b-428d-af5d-0f8e2a73b237,Guntar,Dunstan,gdunstane@tmall.com,Male,4495 Forest Way
48985114-191f-48bd-94ac-e717a79ffd42,Cyrille,Gradley,cgradleyf@cdc.gov,Male,3729 Esker Lane
15cfca44-f548-49ed-8782-52daa48a4d45,Nevins,Allday,nalldayg@vistaprint.com,Male,8 Corscot Pass
c5f766ca-b6c4-419b-961e-7994e837f4e3,Honoria,McAlinden,hmcalindenh@tripod.com,Female,4 Gerald Terrace
4e560090-ee72-4343-b614-160d7b515963,Janaye,Boldry,jboldryi@craigslist.org,Female,866 Cordelia Crossing
5b4f0621-0494-4b8e-b594-05259bc77698,Linus,Lundy,llundyj@meetup.com,Male,43 Kingsford Street
def67456-dcd4-443d-9532-615fe6191c3d,Berne,Lancett,blancettk@pen.io,Male,306 Buell Alley
90dcb52b-7be6-42d4-afc5-e1a01324765d,Sherie,Ibert,sibertl@people.com.cn,Female,452 Sundown Court
955b93aa-82dc-4583-8b76-c10b34702e4a,Charlene,Loreit,cloreitm@time.com,Female,53 Shopko Plaza
0748d2bf-43ba-4153-be8e-4ab5b784acf2,Darcey,Peery,dpeeryn@miibeian.gov.cn,Female,83 Calypso Parkway
de3c1c17-b3e6-48da-8b81-52c80595b220,Meggie,Amburgy,mamburgyo@instagram.com,Female,565 Jenna Junction
b9f01ff8-e32e-44ca-90bf-b908ca709e24,Virgie,McClenaghan,vmcclenaghanp@goodreads.com,Female,393 Laurel Place
6781a056-5e7c-44d5-91b8-e516bb6f1f0a,Jeremias,Bantick,jbantickq@spiegel.de,Male,2933 Tennyson Street
69aec114-d4f7-401e-9d80-8aca09823b87,Olenka,Lyles,olylesr@amazon.de,Female,485 Lotheville Point
bbb1ba7f-8115-415a-a6eb-42d60d013737,Cosimo,Littlejohn,clittlejohns@epa.gov,Male,5 Rigney Road
5acc403a-5924-483a-aac1-aaa54621427d,Tripp,Plumley,tplumleyt@zimbio.com,Male,660 Anniversary Lane
f688cec7-c286-4376-9012-42b0e61753ba,Deeanne,Piatkow,dpiatkowu@google.com.hk,Female,029 Haas Park
8f80e4de-7a4d-4334-8ae4-b06d902f46d3,Asher,Muscroft,amuscroftv@hibu.com,Male,3 Shoshone Avenue
9e4db2df-bf29-4258-9a0f-4ab09fdc0016,Fredrika,Fidell,ffidellw@plala.or.jp,Female,62153 Trailsway Crossing
01d6a539-2e23-4a50-89f5-35ca2eb4d88e,Anders,Winnard,awinnardx@engadget.com,Male,54 Dayton Trail
5b0096e1-c01b-4895-a1a3-edd33259a84c,Waylen,Kemson,wkemsony@time.com,Male,34792 Swallow Lane
7272919c-4dac-4eff-a1ab-f2a8fee540bf,Crissie,Aven,cavenz@friendfeed.com,Female,1 Calypso Place
955ac3b8-e3ef-4a24-a791-aff918590c6c,Glen,Mechic,gmechic10@bbb.org,Male,458 Spaight Alley
53902174-4bc3-4cb0-8514-16f06dc5a4df,Ogdan,Sodor,osodor11@mail.ru,Male,860 Esker Parkway
08d34351-f7a5-4aa0-81f8-1296c9d907a1,Ginevra,Thresher,gthresher12@histats.com,Female,4 Mayer Pass
68dc39aa-4211-4a80-90e2-ed824517e712,Othello,Groundwater,ogroundwater13@baidu.com,Male,0340 Burning Wood Hill
5deb0c1f-fefb-48fd-a1ee-f476a3fc06dc,Iolande,Mioni,imioni14@facebook.com,Female,00 Ruskin Crossing
55d3e956-81be-4d60-bd4c-e16c105e7be6,Maire,Hordle,mhordle15@unesco.org,Female,1 Butterfield Hill
0f2266d5-0845-4a79-a023-276a03a1a441,Lanita,Barrell,lbarrell16@unesco.org,Female,5648 Bluejay Way
dedb6e8e-add6-4b81-b729-f312a8076b70,Theo,Bundy,tbundy17@hc360.com,Female,90980 Summit Plaza
9e0d27ad-e0d6-485c-a6ce-dc1e0f952546,Slade,Loalday,sloalday18@printfriendly.com,Male,28809 Pennsylvania Circle
a915585c-a4fb-4719-b99b-34cde6870642,Stanislas,Pargiter,spargiter19@europa.eu,Male,4 Springs Center
6d69e153-6315-430d-96b9-46f9ab0e9cb4,Thaxter,Lawton,tlawton1a@elpais.com,Male,38 Longview Lane
82bacb14-7e69-48f3-a800-8d0b7a32d4fa,Horatia,Verdey,hverdey1b@com.com,Female,62 Carpenter Court
69609fd7-4d41-44aa-b4ae-623d81329226,Ag,Liveing,aliveing1c@unicef.org,Female,335 Bayside Street
246db8ee-1953-4baf-9ab3-94b5c5632352,Aviva,Clancey,aclancey1d@wikimedia.org,Female,79 Cardinal Street
39548775-c427-4447-83ab-321a60429708,Patty,Heatherington,pheatherington1e@ucoz.ru,Female,0 Mitchell Point
b6471079-a461-471f-9ae1-a81a3d19c2b8,Brannon,Lethbridge,blethbridge1f@furl.net,Male,013 Talisman Center
a5114d38-2053-4782-8efd-0ac67b293a10,Meaghan,Karpe,mkarpe1g@csmonitor.com,Female,404 Saint Paul Park
a297858c-e47a-4b25-bfbe-533b965b2161,Josephina,Inch,jinch1h@smugmug.com,Female,08 Westridge Alley
844cc60c-582b-4dc6-ae1b-51ed8e3dc5b2,Kevon,Hedau,khedau1i@mit.edu,Male,20 Park Meadow Lane
b9acdbc1-7366-4dc1-80b9-c3931534551a,Debee,Archbald,darchbald1j@newsvine.com,Female,146 Meadow Ridge Point
868acf50-d617-45ab-85fd-5e064cf8ee83,Carey,Dey,cdey1k@dailymotion.com,Male,2 Onsgard Center
c6673874-afe9-45b7-bf22-dea3cb59d658,Wait,Redsull,wredsull1l@simplemachines.org,Male,2 Ridgeway Terrace
56760855-37d4-4750-b0e7-fbef7c79d9b5,Zechariah,Francescone,zfrancescone1m@jugem.jp,Male,7552 Delladonna Drive
b9b5b1d7-261a-47a1-b30c-2c72d7c48abb,Fernandina,Cuttler,fcuttler1n@geocities.jp,Female,7119 Amoth Trail
0c614a43-0cd2-40f4-8af2-24b16b87107c,Olivie,Ucceli,oucceli1o@usda.gov,Female,131 Eliot Point
b1028de1-1742-41e3-9cea-5d4c064bcfc6,Grayce,Ubee,gubee1p@wired.com,Female,521 Browning Place
5f068443-cf1b-4f60-8f75-e055d93bdd7c,Turner,Celez,tcelez1q@fastcompany.com,Male,6 Rigney Avenue
509da144-b129-4472-9232-52105bf9fc50,Artie,Loverock,aloverock1r@uol.com.br,Male,1 Glacier Hill Place
a1767126-20b3-4988-9dba-571a637b6bca,Tallie,Giovannazzi,tgiovannazzi1s@walmart.com,Male,55984 Dixon Way
f09f53d4-9e2b-4a5a-822a-94f47401af1f,Nikolas,Oganian,noganian1t@reuters.com,Male,64207 Spenser Drive
44e8f926-6b73-40dd-a52b-dc13f000d522,Elihu,Feldmus,efeldmus1u@github.com,Male,7 International Drive
a56822d4-d2e1-43a5-9a87-9f7343ad7d39,Nana,Grocutt,ngrocutt1v@booking.com,Female,64619 Dottie Lane
f6b1d5be-1ec5-41f4-9267-12ab3007bba4,Sande,Gulleford,sgulleford1w@vinaora.com,Female,9 Golden Leaf Hill
bd978e17-2292-4710-a9fa-6aa7b465bb9e,Alejandro,Bloxsome,abloxsome1x@illinois.edu,Male,7 Packers Park
ae8f502c-2fa0-4635-9cb5-02a3f74dabd4,Caron,Dellenbrook,cdellenbrook1y@mit.edu,Female,27 Nancy Hill
792245b2-867c-4aa8-bf72-8af20a4f2f06,Rania,Storcke,rstorcke1z@washington.edu,Female,03 Anhalt Drive
c0e25650-d7e1-448b-8c26-71159dfeb712,Beatrix,Pentony,bpentony20@zimbio.com,Female,788 Leroy Point
9bd97cf5-97f9-4602-b58c-6b58d3f380f1,Inigo,Astupenas,iastupenas21@furl.net,Male,171 Truax Terrace
74a8b245-aa5e-4f6a-b119-b4249d8d2365,Corey,Jenman,cjenman22@hhs.gov,Male,29479 Kropf Place
384f0318-e237-40b7-b059-e9a227350627,Bryn,Gumb,bgumb23@networkadvertising.org,Female,36687 Eastwood Way
ebd6a662-fb81-4fe5-ab0a-792054d673d3,Merridie,O'Currine,mocurrine24@geocities.com,Female,038 Hauk Drive
53d87685-1673-4cf7-b0aa-659edd18b76f,Deny,Mockes,dmockes25@unblog.fr,Female,6 Lighthouse Bay Park
11b01da9-9981-4f35-adb4-8583f2e1915f,Berkley,Agates,bagates26@examiner.com,Male,43 Memorial Alley
17c50c22-5347-4309-9db2-3697eff22485,Julie,Western,jwestern27@stanford.edu,Male,365 Westend Drive
7d526660-7d54-4ade-9998-0b4a4fbbfaa9,Alex,Daughton,adaughton28@printfriendly.com,Male,4945 Laurel Hill
efc6acfe-6b02-4ce0-8a59-00b33c319739,Pepita,Tythacott,ptythacott29@nature.com,Female,2265 Longview Pass
d89db282-1a00-42c5-b359-9687b5fe590e,Orsa,Blacklawe,oblacklawe2a@loc.gov,Female,1 Dapin Crossing
47fd4208-7981-4d2a-8c4c-1be22309ff35,Itch,Harvett,iharvett2b@rambler.ru,Male,9 Arapahoe Lane
33a33dd5-285c-4063-b37d-eb6165bb5325,Aurelea,Duffie,aduffie2c@google.cn,Female,174 Sundown Avenue
7a1ae9ea-bfd6-481c-8afa-63485c02d4f8,Milton,Laingmaid,mlaingmaid2d@theglobeandmail.com,Male,0616 Bonner Avenue
d1100677-367c-449a-8f73-6b8f9c028ac2,Lyon,Terrill,lterrill2e@163.com,Male,77 Beilfuss Center
0093f950-a495-481e-888f-6d3045f02762,Weber,Hulatt,whulatt2f@flavors.me,Male,09866 Forster Parkway
2bf8b575-a392-48e9-9b6b-1da9da50d1a3,Molli,Popping,mpopping2g@google.es,Female,1702 Donald Center
7c7dfc98-ff56-4be3-9ae9-394f0f6043be,Lu,Scardefield,lscardefield2h@hubpages.com,Female,935 Valley Edge Plaza
f1772a4e-7481-4d70-953f-336a8793e6ac,Scotty,Wintringham,swintringham2i@cargocollective.com,Male,8914 Lien Terrace
747571fd-c2fb-41da-bf16-d0b4bfe4792f,Lenette,Ouldcott,louldcott2j@chron.com,Female,906 Kim Alley
adc25795-67f2-4d9b-be4f-6d9fe0c8689b,Dalenna,Mugleston,dmugleston2k@dmoz.org,Female,16 Buena Vista Terrace
401818ed-4631-4e7f-81d9-93e12e8fb27d,Kearney,Donaldson,kdonaldson2l@furl.net,Male,83 Park Meadow Terrace
02310085-5f82-411a-b259-664c3a625c77,Michele,Corneil,mcorneil2m@google.com,Female,3450 Esker Parkway
613df9e3-6dba-4d7a-a7af-0c33ad8bb858,Basia,Gatheridge,bgatheridge2n@howstuffworks.com,Female,750 Kenwood Way
01734167-c064-42e4-b500-cf962d2118e5,Rey,Parlott,rparlott2o@uiuc.edu,Male,5 Fordem Road
702754e1-cbf2-4c4f-bf38-e966458cf8aa,Leoline,Davison,ldavison2p@census.gov,Female,64524 Mendota Way
7118c02f-1427-4d07-8330-5fddb4aed885,Fidelio,Northin,fnorthin2q@dyndns.org,Male,5 Hudson Park
88a88c67-8853-4247-8462-8ccab3eabde4,Lynnette,Ferreres,lferreres2r@blinklist.com,Female,69935 Dawn Street
a4c94d35-de69-4fb0-b56b-d510f71d7443,Marnia,Jesson,mjesson2s@zdnet.com,Female,31 Dahle Junction
fb1a09e4-6f7f-41d4-beb0-7453f6b1f988,Jared,Hedgeman,jhedgeman2t@noaa.gov,Male,96 Delaware Junction
61b4cb5d-8bcd-42ad-814e-ec0eab8af0df,Rick,Donoghue,rdonoghue2u@flavors.me,Male,71926 Ryan Way
36634e7a-99fa-40f8-acde-3c4e91987e89,Ebenezer,Dohms,edohms2v@fotki.com,Male,4 Mendota Plaza
a093bd48-b3d1-46b0-bff5-40855ef755aa,Lucais,Symcock,lsymcock2w@examiner.com,Male,178 Bay Court
2f9aa62a-4b6d-4808-9ec8-89b0be84983d,Etty,Gabala,egabala2x@huffingtonpost.com,Female,85 Bashford Drive
5f6eea6a-4288-4c91-b586-3593900b1076,Jessalyn,Bolt,jbolt2y@europa.eu,Female,7 Superior Trail
75e01d36-2fe2-400b-8b45-b6431f1f25e0,Valina,Quare,vquare2z@1und1.de,Female,3 Roxbury Hill
2e0f15dd-effb-4a3f-b1f5-e36819df85af,Brantley,Littley,blittley30@networkadvertising.org,Male,17 Holy Cross Parkway
65bc42f4-c6f4-4a1b-b740-68b47c0aa2b3,Olive,Muddle,omuddle31@reuters.com,Female,2514 Schlimgen Hill
47c118b7-83d7-4f23-9650-401b6c693e4a,Starlin,Maskrey,smaskrey32@blogtalkradio.com,Female,70 Bashford Hill
2b042f4a-4c3c-441f-8781-1617cf0173e5,Vitoria,Scown,vscown33@mapquest.com,Female,44 Sloan Junction
639e12f5-694d-49e2-87e9-7c4dd08498ab,Mendy,Erlam,merlam34@blogtalkradio.com,Male,828 Fairfield Alley
cd86b558-f380-4084-9b3a-3d8f35a6722d,Saunderson,Limprecht,slimprecht35@dell.com,Male,3 Eastlawn Street
9492d29a-b51a-4dd5-be52-c5f8be86f3e8,Cassondra,Belverstone,cbelverstone36@marketwatch.com,Female,842 Bonner Alley
17a2ef9e-af09-497f-a7aa-24473eafba5d,Lisle,Robbert,lrobbert37@gravatar.com,Male,9 Amoth Crossing
970cca03-25c8-4e12-81ef-b681716b7739,Jenna,Pikett,jpikett38@soundcloud.com,Female,02496 Burrows Trail
e3ae31ed-977b-431f-82ba-9d9b769169aa,Andrey,Trobey,atrobey39@yandex.ru,Male,81685 Sherman Avenue
9e15656c-0554-4859-8f6c-9272f7ef21a8,Osmund,Yukhnini,oyukhnini3a@utexas.edu,Male,0 Cottonwood Place
d4381fec-4529-4428-8ce9-b6a9b1067491,Jordain,Stavers,jstavers3b@quantcast.com,Female,5029 Fieldstone Point
5101e451-4d02-40df-9956-d5c4ab13ec2f,Catlin,Ida,cida3c@hhs.gov,Female,07109 Blue Bill Park Street
a3d1ade1-efbf-45dd-ab71-5a9e6d31765b,Lil,Hanley,lhanley3d@fotki.com,Female,10 Redwing Way
10e97a06-0da4-4594-aca4-95c045b5db6a,Katrinka,Kinghorn,kkinghorn3e@trellian.com,Female,600 Arkansas Court
cd7c9732-8929-4977-81f7-565fc7e43212,Peria,Baudinelli,pbaudinelli3f@bloomberg.com,Female,9303 Hudson Road
2c0a8c7d-b85f-4406-bddb-53e41c996032,Loreen,Pluck,lpluck3g@guardian.co.uk,Female,56457 Schlimgen Pass
27fa9e3b-ef4d-4b6f-9da3-4a35d49b3d2b,Kristoforo,Lepard,klepard3h@sciencedaily.com,Male,5 Division Drive
c3092639-ac63-497c-9b9c-c4b6efab0aab,Flory,Kilpatrick,fkilpatrick3i@behance.net,Female,9 Mariners Cove Pass
f6ab8a69-cbc5-48ce-bce9-023191fb23a6,Kelley,Madgin,kmadgin3j@rambler.ru,Male,8258 Green Ridge Drive
10cf3040-746d-4abc-9f27-7bb9299fc487,Tait,Butland,tbutland3k@apache.org,Male,4200 Bashford Circle
d33a02e8-d592-48b6-b67a-b52ff2f9ec32,Faulkner,Frise,ffrise3l@ning.com,Male,1661 Stuart Center
9fdf3776-a4ff-43b2-80a7-61df30082a80,Dory,Montgomery,dmontgomery3m@bandcamp.com,Male,9 Kinsman Hill
9a17ba05-0869-4057-9a24-477c899090d6,Ricard,Feldmark,rfeldmark3n@ovh.net,Male,6746 Kinsman Center
b32ff152-2b42-4f3c-95e1-1e60df2c8a3f,Delmore,Cottisford,dcottisford3o@yellowpages.com,Male,535 Dixon Road
41e1b106-47cb-47a1-a5a9-2d5fc3b0ea43,Linus,Loody,lloody3p@printfriendly.com,Male,9926 Ohio Terrace
4ddfa15a-6a85-4ede-82a9-c28b59bf490d,Saunder,Brimmell,sbrimmell3q@youku.com,Male,2055 Lien Point
e95e14ef-0dd8-4bee-aff1-53c148e75aef,Gretel,Aldous,galdous3r@aboutads.info,Female,30 Canary Alley
40697d70-8417-4944-b7df-f9cbe1ff0a81,Rosemary,Levis,rlevis3s@omniture.com,Female,31 Vernon Parkway
815dd22d-6599-4850-96aa-caa707a0a677,Giselle,Meddemmen,gmeddemmen3t@pbs.org,Female,7 Carpenter Center
af60ee97-2fd0-4e87-aaf8-dac1c0a0c97f,Helge,MacWilliam,hmacwilliam3u@un.org,Female,54 Arkansas Drive
e8c415d7-a194-4362-ba23-6ba0961fef6a,Guy,Warriner,gwarriner3v@bandcamp.com,Male,61 Everett Pass
4f165264-6b1d-465d-88d5-816ce75e517f,Sharai,Rouby,srouby3w@aol.com,Female,55098 8th Crossing
22e17b93-66ec-4f4c-a9c6-889307f01efb,Kai,Haliday,khaliday3x@hugedomains.com,Female,92773 Dahle Court
e81b76e1-63ad-4b93-8f8d-6df3b8cf953c,Trefor,Parlor,tparlor3y@trellian.com,Male,2 Sage Pass
f0c640df-4acc-45c2-b595-2b29641c35d4,Kareem,Hrynczyk,khrynczyk3z@aboutads.info,Male,9266 Farwell Hill
869583bc-9db6-438c-b74d-5e20e71a4c6a,Alfonse,Ponde,aponde40@dailymail.co.uk,Male,293 Morningstar Court
deb04961-ca9d-452c-8010-279dda5e1db5,Rosemonde,Nurny,rnurny41@simplemachines.org,Female,566 Sundown Court
eed0202f-a5f4-4809-aacc-1e977dc26098,Ruttger,Jenken,rjenken42@mayoclinic.com,Male,724 4th Crossing
645b2ff1-3cdf-4a5d-b8b0-57767da9916a,Andrey,McGill,amcgill43@reverbnation.com,Male,087 Warner Parkway
4c3517ff-da04-4394-a074-1cf1bcd5997f,Howard,Pudden,hpudden44@opensource.org,Male,62 Russell Court
c27a7631-324f-4fc2-a2e9-65f69f2c339d,Asher,Idwal Evans,aidwalevans45@webeden.co.uk,Male,34 Orin Park
cce8558e-7945-4fc5-968b-bafb62b85c8d,Lindie,Wasteney,lwasteney46@sbwire.com,Female,2 Daystar Terrace
4222cc81-ad41-4f2b-87db-7974c1794104,Luis,Simco,lsimco47@google.it,Male,15516 Springs Crossing
a23edf51-1fa2-4784-ae46-7b6c6279ac14,Marcelo,Dallinder,mdallinder48@globo.com,Male,8 Troy Center
9381601f-4f91-4487-82d7-04561013d82d,Alyson,Marcam,amarcam49@123-reg.co.uk,Female,6255 Westend Plaza
13867f1f-2bb0-492f-99f3-d98fd6f613a3,Nathan,Martell,nmartell4a@redcross.org,Male,26 Bartillon Junction
abac161a-5537-4bbf-a5b1-bd369cb226a4,Chaddy,Lindenblatt,clindenblatt4b@123-reg.co.uk,Male,6547 American Ash Terrace
f2ff8ea8-f9e0-4812-8c9b-b4e8bf8bc7c9,Reinhold,Duligal,rduligal4c@wired.com,Male,82114 Bonner Terrace
2096665d-550f-48e7-a739-4d63696ccf58,Webster,Lanfare,wlanfare4d@dedecms.com,Male,5527 Sullivan Place
7f790ab0-c817-49df-a5e8-636fb700fe1a,Ricki,Montel,rmontel4e@yahoo.com,Female,506 Chive Point
b959bbac-e924-4487-a95c-2f700a911ced,Ella,Rustich,erustich4f@wufoo.com,Female,47 Nevada Crossing
89c41d35-af47-45af-b728-58321f44578c,Kirstyn,Farmloe,kfarmloe4g@toplist.cz,Female,17 Pennsylvania Hill
07c7873d-a7c7-4fcb-9212-d4592d2d3900,Launce,Brownlea,lbrownlea4h@tamu.edu,Male,7787 Northwestern Place
fbb7d151-2e22-4b0b-8ff7-044b47425426,Fidelity,Kyd,fkyd4i@constantcontact.com,Female,6182 Towne Alley
d8251e9c-8e19-45a4-a2bb-0e48b9caac71,Mahalia,Klaaasen,mklaaasen4j@narod.ru,Female,346 Dexter Lane
ed3a236a-e51d-4374-9623-223445ea87c9,Gilburt,Yesichev,gyesichev4k@wunderground.com,Male,51 Melody Pass
b7a153b8-87db-41de-8bfa-0b76dd0a3983,Vaughan,Sergant,vsergant4l@surveymonkey.com,Male,32 Crowley Trail
e8696b22-cac2-4a96-83e1-7a638a70eab4,Mahala,Marsham,mmarsham4m@oakley.com,Female,3378 Mallard Alley
7532cfd9-e649-4d10-863f-5ad7eccd555d,Iolanthe,Spinney,ispinney4n@reddit.com,Female,389 Thompson Plaza
d720dc5b-8bfd-4fc5-9dd7-177d47e6518f,Marguerite,Phipson,mphipson4o@who.int,Female,71989 Badeau Street
77abb70a-d3e2-4a9f-bd8d-aef21a27db38,Hollis,Sciacovelli,hsciacovelli4p@mac.com,Male,66064 La Follette Way
2cdd5588-814f-4ed6-a522-cfe531e79782,Mercedes,Pughsley,mpughsley4q@wunderground.com,Female,47 Hoepker Lane
28f2662e-8b3d-4e2c-801a-dca71991d091,Brose,Coulter,bcoulter4r@xing.com,Male,4442 Stuart Plaza
9623d329-e6fd-4bb7-9cfe-a62cc171bc50,Hamlen,Fidele,hfidele4s@opera.com,Male,23 Mosinee Hill
4a7186d7-1acd-4904-893a-f405d4a636d5,Rebecka,Haggarth,rhaggarth4t@lulu.com,Female,89112 Ludington Circle
76dcda2b-6255-4bea-bf48-61105e7abd28,Sumner,Michele,smichele4u@xinhuanet.com,Male,17 Roth Alley
0d3f7a82-1fd0-4a05-86fb-00fecaf300e3,Valdemar,Woofenden,vwoofenden4v@state.gov,Male,20952 Toban Plaza
5faad606-8199-47ab-9705-63f1fea35955,Marigold,Dagnan,mdagnan4w@netlog.com,Female,4695 Manley Hill
a2862326-3fb5-4e8a-91c4-d2d8f3e5cae7,Wade,Mooney,wmooney4x@hao123.com,Male,85 Cordelia Hill
1740f7d4-8644-477f-83ce-9be043f4bc0e,Hazel,Lepick,hlepick4y@samsung.com,Male,9 Fordem Circle
fec17554-cee6-41dd-b146-aa2a2facbdb8,Beauregard,Sisneros,bsisneros4z@discovery.com,Male,88 Old Shore Road
d1f4e870-3829-42c8-b401-562583c3e748,Farica,Cottell,fcottell50@miitbeian.gov.cn,Female,43471 Scofield Way
15f06f1a-7056-4730-b9a7-69a01f98e84b,Jennilee,Cohani,jcohani51@liveinternet.ru,Female,753 Ilene Court
bd72ed7d-8d97-4a3a-97f2-cd422f9ff6b9,Stafford,Keizman,skeizman52@shutterfly.com,Male,3329 Pepper Wood Junction
38d7d24a-9301-4f9e-bff4-40bdae165abc,Gerome,Klimaszewski,gklimaszewski53@360.cn,Male,162 Scoville Park
c86f9a08-3336-4b94-be25-cf806789f928,Lexy,Duro,lduro54@economist.com,Female,9406 Hooker Way
d8488d48-997b-455b-a787-df6f90a69705,Deanna,Bumpas,dbumpas55@spotify.com,Female,33578 Express Circle
bd03611b-783f-45a4-804f-e0a48fa060e6,Audy,Azemar,aazemar56@marriott.com,Female,0 Corry Way
896cc22e-0a9c-40ce-b57f-667f03023225,Jerrilyn,McHenry,jmchenry57@berkeley.edu,Female,5506 Hanson Center
c93cda9f-3030-41b6-a5e9-a12552712f7e,Veronika,Fayerman,vfayerman58@nyu.edu,Female,50109 Mallard Court
941e46f6-994b-4638-a0cb-4820ad4363d6,Euphemia,McConnulty,emcconnulty59@oaic.gov.au,Female,03 Miller Crossing
717154d1-7f53-403d-b8f9-b7a80757e5d1,Iorgo,Upward,iupward5a@list-manage.com,Male,545 Maryland Crossing
6fd3752f-83ea-47d4-bf08-1d68d037a863,Fowler,Crutchley,fcrutchley5b@example.com,Male,05660 Meadow Valley Terrace
333a3c33-c800-498b-b8b7-72f77aa3d87d,Bobinette,Ties,bties5c@cdbaby.com,Female,504 Golf Course Drive
1c22b93b-e213-4875-a41c-d0b79e571ece,Berty,Adan,badan5d@nature.com,Male,9 Stang Parkway
c4c6875b-bd46-4207-a7f9-b1fc5c388340,Jonathan,Hassewell,jhassewell5e@admin.ch,Male,28 Thierer Terrace
27b0ffa3-7e69-4848-baaa-815dc140386f,Keen,Egger,kegger5f@google.ca,Male,8 Sugar Drive
1ad5560c-b6f8-4d00-bfb8-4081306bf3b4,Carleton,Notti,cnotti5g@biglobe.ne.jp,Male,7805 Kim Drive
207ee56f-62eb-4342-b308-e912e06d513d,Marleah,Hamlett,mhamlett5h@weather.com,Female,7 Susan Terrace
965d364a-ce90-4c0b-96f2-35817fe840a8,Huntley,Oran,horan5i@twitpic.com,Male,7 Fremont Parkway
7b539cbb-4070-4903-8f2f-11a521da6964,Maureene,Hamberstone,mhamberstone5j@unc.edu,Female,489 Maple Wood Point
9bf13272-bf18-45a0-8b22-14b57ab79444,Sherline,Corkett,scorkett5k@360.cn,Female,0028 Nova Street
82aede75-832e-4a79-b293-01c87b6742a6,Matthias,Vian,mvian5l@chronoengine.com,Male,5714 Sundown Parkway
7f26996d-9ca4-4506-8949-16f8a9814b87,Laney,Heinle,lheinle5m@woothemes.com,Male,244 Duke Circle
378a3863-bf29-45a0-ab24-e021f06b1b14,Cathlene,Maunders,cmaunders5n@google.com.hk,Female,5878 Schiller Junction
dd426b17-647b-4769-9879-3453756d5b07,Yancy,Rivers,yrivers5o@comcast.net,Male,6893 Hoepker Point
30194581-0ad2-4234-8197-50591ae39cd6,June,Paur,jpaur5p@chron.com,Female,7 Pond Place
52a563cc-f934-4a21-a3e7-9bd13f1b4cd2,Locke,Ferrulli,lferrulli5q@addthis.com,Male,86316 Mallory Junction
02069c5d-12a5-4848-9ad9-f9aca219713d,Moselle,Neave,mneave5r@reference.com,Female,275 Corben Circle
b58f80cb-1fbf-49fe-8caf-a754c44ade64,Michaeline,Atrill,matrill5s@ft.com,Female,9 Hoepker Avenue
416fc26d-7fca-4929-88d7-f54d6804bce5,Wallache,Thorndale,wthorndale5t@amazon.com,Male,8 Garrison Crossing
d1a021f6-76ab-4982-b600-afa9fe0832fb,Helena,Echallier,hechallier5u@hatena.ne.jp,Female,72 Lien Crossing
d2e2b1ce-31bf-43cb-bfd7-40f0115cbb31,Alwin,Essery,aessery5v@clickbank.net,Male,18450 Karstens Hill
b9b21e24-7697-4671-9899-52d59cb7aabc,Dulcea,Gery,dgery5w@google.it,Female,49 Ronald Regan Crossing
2a679761-82c9-45e2-a7d9-14e539900ea7,Enoch,Airey,eairey5x@vinaora.com,Male,851 Esker Parkway
eee1a99e-1bce-431a-b927-0469747ac023,Dukie,Merwede,dmerwede5y@eventbrite.com,Male,28520 Sachtjen Drive
546d03f7-37eb-48fd-8043-a8e3d2c7ef92,Bartholemy,Grason,bgrason5z@sogou.com,Male,72 Saint Paul Terrace
81e8ed4e-a62e-462b-993d-c52b631ceaa0,Reeva,Bushby,rbushby60@flavors.me,Female,2713 Debs Point
c6f423a8-0dd9-4bc5-b8ae-fbfd1621cf79,Ernesto,Housby,ehousby61@prweb.com,Male,09770 Mesta Way
017ebfa7-e45c-4c81-9f95-da6fac5f5268,Anabelle,Sturley,asturley62@usda.gov,Female,0 Gale Court
67978510-7685-480e-ba4d-61cddef4e308,Paxton,Roote,proote63@wikispaces.com,Male,77737 Brentwood Trail
4c1ca6f4-de2f-459a-9e68-a91a6589cbb8,Montgomery,Merrigan,mmerrigan64@homestead.com,Male,78848 Golf Plaza
b6555d5b-25a2-44fe-b7e7-a34a18cc0dde,Phillie,Cicccitti,pcicccitti65@sciencedaily.com,Female,157 Grim Street
5a00cf8e-8e2c-4f55-ba44-57914d843888,Cully,Gallaccio,cgallaccio66@angelfire.com,Male,8 Tomscot Lane
c03af834-93ce-4bb9-85cd-7a585eb3985c,Tory,Josupeit,tjosupeit67@va.gov,Female,5 Walton Point
e1f1be41-6c73-4c3e-ba52-eaf2e33c9cc2,Patrizio,Segges,psegges68@si.edu,Male,7 Sage Center
89360a50-2a85-4bd7-a40e-184a2b7927e2,Wain,Scaysbrook,wscaysbrook69@jalbum.net,Male,2926 Golf Avenue
afdcbd71-9756-4f94-bde0-2130dbc67470,Liana,Tsarovic,ltsarovic6a@people.com.cn,Female,16384 Onsgard Street
37dd968f-6ce5-46a5-a2d2-5f2b37a917a7,Graham,Stuckow,gstuckow6b@cnbc.com,Male,93 Delladonna Drive
30571688-7387-4c19-a424-c5b944dda42b,Eden,Maypother,emaypother6c@miitbeian.gov.cn,Female,48 Ronald Regan Alley
36acd716-0709-4459-a4c5-620a9ab25e53,Dillon,Drinkel,ddrinkel6d@jiathis.com,Male,0615 Valley Edge Point
d8e93e37-21ef-42ba-b0de-1cfe10e4e119,Jo,Decourt,jdecourt6e@elegantthemes.com,Female,3261 Cardinal Way
03bd1cd7-9094-4c73-8c38-6739b9aa7300,Hailey,Newark,hnewark6f@techcrunch.com,Male,1953 Emmet Crossing
2a7d2e16-9f7e-43c0-b562-d6f6fb17f05e,Olag,Twatt,otwatt6g@a8.net,Male,430 Pond Park
bef8e462-8418-473a-8e7b-84a5ed3b0c54,Miner,Tarver,mtarver6h@youtube.com,Male,5629 Burning Wood Pass
6ade0b2d-5d50-4d19-9a92-a6d67a3b1a2c,Kiah,Rust,krust6i@washington.edu,Female,424 Maple Hill
66e82b24-08c8-4196-bf30-96cad1b3aee9,Mirilla,Littledyke,mlittledyke6j@tamu.edu,Female,2 Lunder Park
f86aad65-4512-4b12-942b-37b6007d76cb,Dawn,Pipe,dpipe6k@narod.ru,Female,7907 Huxley Alley
18308d8a-e396-4717-ae3d-216202c69cab,Sibylle,Pedican,spedican6l@e-recht24.de,Female,74 Claremont Drive
c2cd7746-70c5-4769-ae8e-76ca1233b9a1,Taylor,Maciocia,tmaciocia6m@cocolog-nifty.com,Male,08 Towne Center
b87718d7-4b07-4420-8f88-cc2720fa196d,Mickie,Trowler,mtrowler6n@biglobe.ne.jp,Male,993 Buena Vista Alley
dec4fb8e-8139-4687-a39f-a35201c0a3a7,Paulo,Beer,pbeer6o@umn.edu,Male,62 Valley Edge Way
81a6bc7b-7027-42b2-8c28-b9948ca42179,Antoni,State,astate6p@reuters.com,Male,1033 Blue Bill Park Place
d4c866fc-a164-4e48-97f9-1ac11123b5d9,Tulley,Pardon,tpardon6q@woothemes.com,Male,03 Vermont Circle
cb6db804-80a4-46af-8545-3c3c20758351,Mendy,Buxton,mbuxton6r@elegantthemes.com,Male,257 Longview Plaza
2a60fe7c-9982-4e11-81f4-2e1af3d6abfb,Lotti,McInulty,lmcinulty6s@creativecommons.org,Female,1648 Clemons Avenue
807c8a07-aa37-45f8-b479-5d925bc620de,Genovera,Grund,ggrund6t@microsoft.com,Female,52955 American Ash Hill
bcf4c890-59a5-46ee-b0a5-440adecbdf77,Belita,Malinowski,bmalinowski6u@dot.gov,Female,1054 Corry Avenue
9705497c-df1c-496a-9c6a-370045a8103d,Pablo,Pengelly,ppengelly6v@i2i.jp,Male,2651 Harper Plaza
51bdddc8-0f27-4d3c-9666-2796e6979b93,Patrica,Dulton,pdulton6w@amazon.com,Female,0 Stephen Park
f35e5d45-a550-4de7-90fd-8ed86553d48f,Teirtza,Parkman,tparkman6x@is.gd,Female,3 Iowa Alley
f5c5f15a-561d-4e2b-bd07-f4980783f1e4,Mark,Duck,mduck6y@hostgator.com,Male,1034 Debra Road
4dbfcf11-089c-442d-901c-67f53d416419,Paxon,Verdie,pverdie6z@weather.com,Male,8411 Ludington Parkway
9a721713-c81d-41f2-a616-80e207222d56,Loree,Carluccio,lcarluccio70@infoseek.co.jp,Female,054 Kim Street
cc357d36-c6dd-4e09-abe2-57a88732f181,Fredek,Ffoulkes,fffoulkes71@digg.com,Male,1634 Ilene Terrace
77a5b952-008c-4693-a88e-7c392469a75f,Caryl,Burnsell,cburnsell72@amazon.com,Female,9688 Northridge Lane
6b903d46-d794-419e-ae81-9f0338c54478,Diane,Semmence,dsemmence73@mit.edu,Female,7010 Bashford Pass
3b231c1a-a962-4747-8f58-2bc85272ada4,Townie,Conningham,tconningham74@etsy.com,Male,8 Pepper Wood Parkway
fa61f0ce-0ed5-4b70-8ca7-d2c69deadcd8,Berenice,Dawson,bdawson75@odnoklassniki.ru,Female,01 Mcguire Point
0303313b-5fae-4ecc-ba03-e1be8b5058ed,Monti,Luney,mluney76@illinois.edu,Male,67550 Chinook Crossing
e4dbeeff-d0c2-4d6d-a34c-116b2d16d90c,Patsy,Sabates,psabates77@nifty.com,Female,40 Armistice Trail
bbab364f-121a-449d-8078-b3f2d5c8fa74,Trula,Kubanek,tkubanek78@europa.eu,Female,9 Gale Place
383dc1b2-fe21-4288-afd5-f3c2ecde9da3,Stefa,Dabrowski,sdabrowski79@cam.ac.uk,Female,45 Hoffman Crossing
37d73c3a-28fb-4752-8886-c7b1f84bcfae,Delinda,Knowlson,dknowlson7a@quantcast.com,Female,216 Sheridan Place
b916deb6-813e-4e91-9f0c-f9e5ccbb61c7,Ogdon,Gillcrist,ogillcrist7b@aboutads.info,Male,5762 Briar Crest Circle
f061b0a7-ef08-4cde-9489-f36de4f8b120,Noell,Joselovitch,njoselovitch7c@census.gov,Female,976 Lunder Lane
c5819c6d-c967-4448-83f1-d2b39fc1f721,Mabelle,Halfhyde,mhalfhyde7d@pen.io,Female,0 Meadow Valley Place
0f880fc2-3142-4161-9dd3-1c86ab55c8b9,Dolorita,Limbourne,dlimbourne7e@google.it,Female,75 Fallview Place
90b58534-9d65-4c79-a36a-edac40e6dace,Hurleigh,Tittletross,htittletross7f@stumbleupon.com,Male,45 Melvin Way
8fe6db98-d016-4acf-b3c0-8b226be7b3c4,Randy,Whitlock,rwhitlock7g@shop-pro.jp,Female,104 Burning Wood Terrace
59244fe4-30f6-4349-94c4-198361bbee70,Barty,Lewsley,blewsley7h@wired.com,Male,9601 Lakewood Gardens Pass
ba43b98c-c0d5-4f8f-b260-85c3c8fdb345,Simonette,Yaneev,syaneev7i@pen.io,Female,1330 Banding Street
fba76b04-5936-497a-8b1c-d66918d319dc,Loren,Kapiloff,lkapiloff7j@mtv.com,Male,90 Buell Street
3c5a45ce-551e-4907-bf7d-9e5e91b3f142,Decca,Spatari,dspatari7k@zdnet.com,Male,4693 Browning Junction
ba86f397-d55a-432c-ac83-13278d7fb318,Prent,enzley,penzley7l@friendfeed.com,Male,1909 Westport Junction
8490d4d7-e82c-4222-aeb0-b8bb7352bfd2,Lira,Webberley,lwebberley7m@vimeo.com,Female,01 Autumn Leaf Hill
c6151f31-6ce0-4867-9800-62058e18e639,Kip,Piddington,kpiddington7n@nps.gov,Female,83 Cottonwood Pass
211e2a90-e7d9-4712-8ddb-638a40b494a2,Jesse,Thickett,jthickett7o@google.nl,Male,31 Kenwood Crossing
033b5742-b280-4ede-ab1b-331e0c920117,Bobby,Huckel,bhuckel7p@posterous.com,Male,5171 Anderson Point
424ca457-99ea-43f4-ad4b-33af3ca6daf0,Tomlin,Strike,tstrike7q@weather.com,Male,43386 Loeprich Avenue
eb73552c-23d0-4009-aa0e-bac34927e93e,Mackenzie,Anstey,manstey7r@cnet.com,Male,9 Merrick Plaza
143dab4e-4cd2-415f-8039-8df7448f879e,Gayle,Chateau,gchateau7s@clickbank.net,Male,529 Dexter Court
64e0b153-7bca-4298-aaf5-1b03659e483e,Siward,Piche,spiche7t@so-net.ne.jp,Male,63 Schlimgen Drive
3dcbfab8-83a4-4ff7-95e2-234853d70c1e,Lyn,Manley,lmanley7u@flickr.com,Female,46814 Sycamore Park
c5e100ef-8ad6-497f-b390-47f296fd2d94,Alfons,Larchiere,alarchiere7v@weebly.com,Male,10 Porter Road
076368f7-ab6c-4009-8f57-0e2355ea1e47,Debby,Conachie,dconachie7w@abc.net.au,Female,6325 Buell Crossing
7fa411d3-6af2-4aca-8629-e4622941963b,Christine,Colton,ccolton7x@zdnet.com,Female,0750 Gulseth Terrace
124a87ce-3950-4452-8e49-9b35cc3ea5f2,Britta,Muris,bmuris7y@barnesandnoble.com,Female,2 Paget Crossing
29c1e9d5-8eab-497a-b67f-da39e594d0b7,Tully,Armell,tarmell7z@uiuc.edu,Male,42077 Caliangt Place
d9510013-4a4b-4a4c-942a-46b29690a17d,Osbert,Smallthwaite,osmallthwaite80@i2i.jp,Male,45 Starling Center
2e56e4e0-7984-4275-95c4-2fcc826b6882,Kassi,Janny,kjanny81@newsvine.com,Female,123 Sachtjen Court
cc79b198-3121-455a-8313-83507e3ab05d,Vivienne,Reavell,vreavell82@cargocollective.com,Female,1353 Cascade Way
8ddd715d-eced-4382-b8a9-464be88fd1ee,Jocelyne,O'Doghesty,jodoghesty83@rediff.com,Female,738 Heath Plaza
d7e20129-2e7e-49fd-897f-d9b60e54304b,Kenneth,Challenor,kchallenor84@digg.com,Male,9740 Golf Junction
27b53874-f053-4efe-b61f-0a4e7ffb8ffc,Cherilyn,Hosburn,chosburn85@163.com,Female,348 Vermont Plaza
c4dfe85a-06a6-466f-bd7c-adf3b97c0b90,Nils,Schubbert,nschubbert86@amazon.de,Male,6272 Bartillon Drive
e0656e93-e54b-4a97-82af-ad0d78a9dab0,Elinore,Petrolli,epetrolli87@irs.gov,Female,173 Carey Court
0cbe2575-11fb-42d5-8d63-e4cbdd3631dd,Morty,McClinton,mmcclinton88@youtube.com,Male,21 Carpenter Place
7f61c684-6a16-4fe4-806f-b4ed58bd7398,Hetti,Saffon,hsaffon89@shareasale.com,Female,15667 Coolidge Hill
107f15ef-a5e7-45d4-bbfd-9ae7ba09b9a8,Benedetta,Wyllt,bwyllt8a@ameblo.jp,Female,09 Fallview Pass
b2be2f01-5bab-4706-879c-3ec13ca65018,Maitilde,Kuhwald,mkuhwald8b@storify.com,Female,08087 Magdeline Terrace
0391d459-b7a7-4ba9-9fff-6f095f6ef256,Eleanor,Hardcastle,ehardcastle8c@infoseek.co.jp,Female,442 Bunting Avenue
140aa6d6-6695-4512-b2f7-5a7d167ccd9d,Linnell,Ivimy,livimy8d@163.com,Female,2015 Hanover Center
1429c3f8-4d2e-4ed2-b13b-355e23858aca,Tedd,McClintock,tmcclintock8e@paginegialle.it,Male,555 Northland Court
8eda6f85-adcd-40c9-9ff6-654dc4ec3bca,Lynna,Hurd,lhurd8f@ning.com,Female,6383 Old Gate Street
dfaedc91-8a84-4dc5-85cf-2198b37307a9,Gunter,Mithon,gmithon8g@mtv.com,Male,1 Anhalt Center
265f8e0f-d3cc-4a76-acf4-938c9912dfce,Giffie,Buglar,gbuglar8h@dmoz.org,Male,16963 Northridge Hill
0eb4d00e-661a-494b-a745-94b131831875,Nonna,Tremoille,ntremoille8i@google.com.br,Female,07042 Forest Run Way
a7d23c07-499c-468f-9fbb-816ef073c5c0,Rosella,Hevey,rhevey8j@guardian.co.uk,Female,145 Evergreen Parkway
108ad983-22b9-4850-b6b5-d1d27b5ea298,Ivy,Larret,ilarret8k@topsy.com,Female,78 Leroy Parkway
a5c45e73-1c7c-472f-80a0-b33ec1c0760e,Augusta,Carlyle,acarlyle8l@furl.net,Female,94 Miller Terrace
62137bce-a434-45ce-a9e7-bccb53c5061b,Mirabella,Waye,mwaye8m@etsy.com,Female,056 Scofield Crossing
9b973868-ee18-4c1e-8e1e-923eed2cb5bf,Carlotta,Willey,cwilley8n@ucoz.com,Female,67 Annamark Hill
a2329bac-23ad-4496-bfb8-428f0a25ca61,Jany,Heyburn,jheyburn8o@blogtalkradio.com,Female,0956 Moland Drive
5c74002c-bda5-40b7-af65-1d1b5c27fe6c,Christopher,Ramiro,cramiro8p@squarespace.com,Male,0 1st Pass
a2537ba5-624f-464f-b559-f6adf8ee6b7f,Gabbie,Sobieski,gsobieski8q@delicious.com,Female,3495 Bayside Place
36d34428-421a-438f-8851-f15b114a16a4,Lydon,Bunson,lbunson8r@skype.com,Male,6442 Summerview Parkway
bb2a9677-f742-45db-a5fd-a1647f545a3f,Felicle,Antuoni,fantuoni8s@archive.org,Female,2341 Superior Hill
b1cba748-f8e0-41ec-baec-12fdf4c1a3e9,Violet,Schild,vschild8t@multiply.com,Female,667 Oak Avenue
45cb463d-f431-4be3-b8a3-8c5e01e3a7ed,Ethelyn,Compford,ecompford8u@booking.com,Female,82 Alpine Center
c3b8d110-890e-4ea8-9b70-4bcbbdf9e9fc,Halette,Jailler,hjailler8v@sphinn.com,Female,6698 Badeau Junction
b04f0431-33b5-4e6f-8a73-127658528ed8,Ignacius,Barkshire,ibarkshire8w@blogs.com,Male,93350 Esch Place
ffa42fbe-7944-42fa-9177-eafa7e3203da,Hayden,Pragnell,hpragnell8x@hud.gov,Male,8415 Ridge Oak Point
0f6b2ec5-45d0-4286-b64a-af010564b992,Creigh,Ives,cives8y@examiner.com,Male,530 Hoard Pass
b6538cd8-6645-4c8e-b18c-932725ab0f7c,Paloma,Strelitz,pstrelitz8z@examiner.com,Female,019 Old Shore Circle
0d6c1e71-4be6-453e-9365-0d30bb75018d,Nanette,Larcier,nlarcier90@disqus.com,Female,29 Mcguire Street
cc270e83-5300-4bce-8c71-f84c37da9c75,Valida,Castro,vcastro91@amazonaws.com,Female,7061 Fordem Point
efbfcb8a-aee0-496a-9f72-000416697ec3,Bar,Mucklo,bmucklo92@answers.com,Male,2 Cody Avenue
9cb6bf59-0ee6-4988-8211-d233b4f00767,Annabal,Proudlock,aproudlock93@netvibes.com,Female,3 John Wall Park
cd7845b0-f860-449a-8fef-80dd5c26e52e,Humbert,Mundwell,hmundwell94@miibeian.gov.cn,Male,3634 Comanche Park
3c410544-1dcc-4996-a687-ec99afd58f2a,Fedora,Menhenitt,fmenhenitt95@qq.com,Female,23620 Trailsway Lane
ed1adcff-19d7-4fe2-9d6e-cfdf0b26688b,Lydon,Paulet,lpaulet96@so-net.ne.jp,Male,20 3rd Terrace
127a033a-acd9-47c5-bd4c-d6e1f931c9d6,Constantino,Yerrall,cyerrall97@ft.com,Male,39208 Center Parkway
13953460-37ee-4595-9eab-68cd25e3466a,Rossy,Raoul,rraoul98@360.cn,Male,085 Union Crossing
3583ee44-14f8-42cf-9054-c730973ca32d,Bernie,Ambrogetti,bambrogetti99@nbcnews.com,Female,9858 Fuller Circle
48d596e2-677b-429b-a0a8-fe797677293e,Damian,Grzeskowski,dgrzeskowski9a@aol.com,Male,41 Menomonie Drive
134d83ec-ba55-4e01-b065-9887d0289396,Walker,McDonnell,wmcdonnell9b@netvibes.com,Male,710 Scott Drive
4a4ff8b5-9e06-437c-82b1-eeeed07ff0c0,Kennett,Scripps,kscripps9c@weibo.com,Male,82104 Sycamore Alley
c1475d67-41a7-4922-89b3-c85e9f8051b5,Vanni,Beven,vbeven9d@smh.com.au,Female,77 Comanche Center
91b19bb9-5c2f-464d-a04c-e3628e5043ef,Gertrude,Ondrousek,gondrousek9e@bbc.co.uk,Female,81 Everett Circle
0985bff4-1c0f-4dd9-b537-da34e62e02e9,Mari,Bourdel,mbourdel9f@dropbox.com,Female,6993 Anhalt Center
3e615d82-85b0-4129-9665-6b6e9eb11078,Cori,Townend,ctownend9g@usgs.gov,Male,8770 Waywood Center
a6154d24-2655-4d6c-ad26-149627c127b8,Kara,Ertelt,kertelt9h@nymag.com,Female,8683 Kensington Trail
81c5d05d-a9ff-41ed-9ecb-0ae9b284bfe8,Ethelred,Songust,esongust9i@fastcompany.com,Male,208 Gale Park
e326d2fb-bd15-4b83-b495-ae982523707a,Broderic,Dumphrey,bdumphrey9j@pinterest.com,Male,850 Grayhawk Drive
fc5f3b34-59d7-4291-9ea6-c969f1105430,Teodor,Ancliff,tancliff9k@google.pl,Male,56697 Del Sol Place
8b4cb5c2-418b-4d75-afe1-75cdf217b852,Ester,Querrard,equerrard9l@jimdo.com,Female,35920 Tennyson Parkway
fbe5b015-a8e6-4dbf-b270-7b83fcf6bbb4,Carmita,Iacovino,ciacovino9m@reverbnation.com,Female,973 American Point
66bf3c12-aa41-4ff7-901e-0e84943edb09,Adaline,Knewstub,aknewstub9n@hc360.com,Female,96290 Commercial Parkway
ce77d883-7f5a-40b1-8f4d-05ad79f0dcec,Andy,Neumann,aneumann9o@lycos.com,Male,9 Bunker Hill Way
051c32d7-dcdc-409b-ae9a-fcc15c3de2aa,Arturo,Reppaport,areppaport9p@bloomberg.com,Male,53204 Monica Court
8f6d9281-f91f-4a5b-aa93-4d0d82012227,Jesse,Fransemai,jfransemai9q@bandcamp.com,Male,25 Golf Avenue
a9474bdb-ab0e-490c-8e09-b6a616eb1d48,Lorenza,Pruckner,lpruckner9r@cornell.edu,Female,4281 Dapin Park
90c07b1e-a383-48c2-b3e7-81bae8956b0f,Sonny,Ramsdale,sramsdale9s@cargocollective.com,Female,7443 Oak Valley Park
f21e8adf-7b6e-4db6-8913-20f64dd6210f,Wash,Isakowicz,wisakowicz9t@wikia.com,Male,6 1st Park
9cb523fc-d5aa-4d18-9c6c-42a224b65ed6,Phebe,Reeveley,preeveley9u@technorati.com,Female,5 Riverside Lane
40ae2268-544e-4618-b287-0f42bce8aef6,Gawain,Legrand,glegrand9v@phoca.cz,Male,6823 Mitchell Court
5674bcb2-28bd-4fef-98d7-ae7d715fca31,Chadwick,Roder,croder9w@over-blog.com,Male,12541 Derek Terrace
06e42506-de54-4cf5-bc19-8c2550ce0ad7,Myrwyn,Koeppke,mkoeppke9x@ucoz.com,Male,8110 Novick Way
edac1132-ea64-417e-9763-a54ad4721368,Lucais,Pactat,lpactat9y@sfgate.com,Male,92770 Old Gate Court
a123a877-986f-468f-bba0-02392505649c,Jesse,Bevington,jbevington9z@reverbnation.com,Female,609 Loeprich Street
f4a98c71-f523-48c2-b253-b970dc13f922,Tomasine,Wickson,twicksona0@state.tx.us,Female,854 Arizona Alley
af298e80-f474-4f69-b8fb-7a2cf96c9abd,Tommie,Goodluck,tgoodlucka1@miibeian.gov.cn,Male,1 Dwight Pass
28eda1dd-8855-4a28-9e59-2ca87aa0a84f,Tina,Sheehan,tsheehana2@bandcamp.com,Female,4758 Pearson Way
79d14e90-e03d-4712-9d72-7dda79081979,Nanny,Romme,nrommea3@technorati.com,Female,8664 Waywood Alley
7f4b190b-4b31-45a7-83d7-27ef2c81cec4,Archambault,Currie,acurriea4@linkedin.com,Male,4289 Farragut Court
f5df66a5-531d-41b2-88da-84a6bde7b1ee,Margie,Cubbini,mcubbinia5@dell.com,Female,01 Vahlen Junction
3bbf6799-c38d-4e7e-bf3e-3b2b1f8a951a,Talia,Ferebee,tferebeea6@toplist.cz,Female,2 Buell Center
624a3d99-7e20-47f8-9a7c-18ae4273b057,Meghan,Coade,mcoadea7@rakuten.co.jp,Female,99 Coolidge Pass
3f4e0ca8-8668-4179-a35b-198e109ede3c,Alex,Calbert,acalberta8@shinystat.com,Male,063 Rieder Terrace
4ee5ee80-9951-4dba-befc-6d62777e8ab7,Kirk,Linstead,klinsteada9@msn.com,Male,51161 Rockefeller Circle
e350cd00-9136-45fb-b29b-49e7970ec907,Renata,Morot,rmorotaa@furl.net,Female,8 Warbler Crossing
2a19a4da-9b07-4570-ac98-ff8ada60989e,Bari,Towlson,btowlsonab@etsy.com,Female,9987 Dottie Crossing
792980b0-2346-4cbf-a8df-f2c7997009b1,Garland,Wattinham,gwattinhamac@ifeng.com,Female,1 Northport Junction
8d26f4dd-9a77-4113-b6ba-53c06ead2b2c,Korella,Calley,kcalleyad@utexas.edu,Female,01 Maryland Road
6907fb45-057a-46ff-bc60-c4f85e94cfbd,Haskell,Ten Broek,htenbroekae@virginia.edu,Male,5197 Ryan Crossing
b7217931-9c1a-48f3-a697-9d5a67ee3be1,Adara,Yukhin,ayukhinaf@auda.org.au,Female,72 Holy Cross Center
2d62cbf2-4127-4cf2-afab-80db15236d2b,Dennie,Conradie,dconradieag@stumbleupon.com,Female,9 Superior Circle
408bc528-33bd-4efe-bbe3-c9d2437ecfdb,Loutitia,Gonzales,lgonzalesah@forbes.com,Female,50 Norway Maple Pass
096e52a2-9fc2-43e1-8f02-cad65a201529,Olly,Canelas,ocanelasai@salon.com,Male,8423 Redwing Court
9ef8ec8e-aad3-462e-843d-843f74b9c80a,Beatrisa,Heinzler,bheinzleraj@wordpress.org,Female,3 Jenifer Plaza
15a1e5b9-7bcc-4772-834b-80a4d30c4934,Emlynne,Patesel,epateselak@washington.edu,Female,75 Union Park
6a60c0fd-70b9-452c-bab6-cc7291ab0aed,Shellie,Isitt,sisittal@themeforest.net,Female,5 Maryland Plaza
21c2af82-404f-48ae-9810-236b0a651046,Byrann,Zorener,bzoreneram@icio.us,Male,82240 Hoard Drive
56b92441-8c7f-42f2-99b0-97c61fade8cd,Timothea,Tweedlie,ttweedliean@addtoany.com,Female,760 Oak Alley
fcc2e560-c6ba-4abc-8a0e-8c462d021ee2,Sara,Glasscock,sglasscockao@usnews.com,Female,22 Service Park
c6a5d35c-6a8b-4769-8849-3f9fe1d37f54,Jean,Frantzeni,jfrantzeniap@indiatimes.com,Male,38560 Almo Point
a528268d-8d34-41f2-b996-8bfba973be40,Amil,Blunt,abluntaq@nytimes.com,Female,98 Wayridge Place
ed6f0c2e-2287-42f9-bf39-6248e90c0ec2,Danit,Shear,dshearar@artisteer.com,Female,97282 Longview Place
315d03f9-cff5-4d80-a6df-04e468176b6c,Blake,Chipchase,bchipchaseas@addthis.com,Male,5580 Morningstar Crossing
5e597b1b-bedf-4d97-974a-e5b00784bf72,Holmes,Fayerbrother,hfayerbrotherat@cafepress.com,Male,4467 Melvin Parkway
2dfa3b44-edd1-4f23-8fc3-a156b5174578,Giavani,Nibloe,gnibloeau@photobucket.com,Male,5 Acker Trail
2fb40467-c6b2-4365-bcb4-c89f70cec0b9,Jodie,Birkett,jbirkettav@feedburner.com,Male,12840 Memorial Circle
2f3357fe-0db5-4cb2-9298-3e32f1b9cc00,Helenelizabeth,Overlow,hoverlowaw@fastcompany.com,Female,6211 Dixon Hill
99fa3825-2e95-4a8d-a2cd-ee9bd96fe6f1,Evanne,Dryburgh,edryburghax@bigcartel.com,Female,896 Goodland Terrace
b54c6ed3-6b08-4f3b-95a1-8489401c9253,Rene,O'Ruane,roruaneay@webnode.com,Male,75088 Coleman Center
dccfe2e8-9ab7-4a91-8a92-96b177b22aeb,Morie,Coners,mconersaz@sohu.com,Male,17 Nevada Point
270cba88-9740-4997-81b4-2094f1616aa6,Charo,O'Gormley,cogormleyb0@furl.net,Female,15 Sunbrook Hill
37a532a5-c470-45a5-9d9d-5729827d6d3e,Odey,Kimberley,okimberleyb1@reverbnation.com,Male,3871 School Avenue
d0c7ceb7-1d84-47f0-92c3-aac5f610e45d,Sky,Trowle,strowleb2@prnewswire.com,Male,65 Memorial Avenue
7865341f-0e12-4cc6-a9d2-2d38676803ef,Leone,Allmann,lallmannb3@csmonitor.com,Female,826 Sunnyside Trail
27152d1a-72d4-45a5-a901-c607de80cc00,Alfonse,Belsham,abelshamb4@nba.com,Male,3 Vidon Place
131ddc23-58f0-4d56-9e6a-84144bc09c43,Clea,Roskeilly,croskeillyb5@devhub.com,Female,624 Nova Street
37af8d01-2e00-4e63-9cc1-08a7c5d9d242,Massimiliano,Prestedge,mprestedgeb6@parallels.com,Male,86767 Petterle Court
b6f4fe54-1af8-4f93-8b0f-3cc3cbcf5f78,Riordan,Croker,rcrokerb7@vinaora.com,Male,505 Graedel Alley
f9877ea2-3ce8-488a-a065-26777fc7ea85,Jenda,Evitts,jevittsb8@people.com.cn,Female,1 Dorton Alley
c887df11-a734-4d4f-86b0-02057768e4f9,Louisa,Upham,luphamb9@ftc.gov,Female,5418 Darwin Parkway
f46e9eaf-1cc6-40a7-9677-2b53cb2ca5f9,Levi,Bleasby,lbleasbyba@typepad.com,Male,113 Coleman Point
ccf1e6fa-06a9-4649-bbc5-682e47f3b762,Minny,Tolumello,mtolumellobb@wired.com,Female,4 Fulton Court
4d6f7174-8556-4aad-8ff4-41c3a0648a8a,Janel,Pyser,jpyserbc@de.vu,Female,264 Petterle Pass
b5144e86-9fcb-488b-ad6d-7f4c319cfd70,Romonda,Garritley,rgarritleybd@engadget.com,Female,72 Lyons Circle
40e09f60-2e21-480e-b6d2-4a7f48ee7c0d,Odele,Bagehot,obagehotbe@hc360.com,Female,7 Westerfield Center
4cf7440a-257f-41dd-af87-f1e41723cd83,Curtice,Heeron,cheeronbf@cisco.com,Male,9313 Fallview Junction
97e1100a-9de9-4508-aeef-1006831df883,Rees,Dallison,rdallisonbg@chicagotribune.com,Male,296 Messerschmidt Road
a4bbecbf-b1be-4146-b856-a49c68faf79a,Gerrie,Joyner,gjoynerbh@mlb.com,Male,37487 Debs Plaza
7fc14f9a-7d96-466e-a61c-3cf78b2de928,Gibby,Weins,gweinsbi@newyorker.com,Male,64031 Loftsgordon Center
aa94fcfc-e7d6-4de6-b541-784dd5587cdd,Nert,Pulley,npulleybj@topsy.com,Female,7400 Main Parkway
d505c0b0-b12e-449a-b2c0-e6341e842aad,Leela,McGivena,lmcgivenabk@oracle.com,Female,86532 Oneill Crossing
120730c8-04e3-4355-9b15-24ce8414a545,Valerie,Yele,vyelebl@adobe.com,Female,61 Sherman Alley
de54a646-b5f0-455a-b115-b4be9dda1626,Pearce,Sainz,psainzbm@shutterfly.com,Male,0 Westport Lane
a4e91c47-40f7-4dbb-aadb-7b54d5f83ae3,Joseph,Clyburn,jclyburnbn@toplist.cz,Male,4867 Ridgeview Trail
4d8619fe-76af-4002-8749-dcb84e9f423f,Kalil,Goane,kgoanebo@economist.com,Male,01781 Service Center
d02ef0d6-331f-4fb0-a523-d9d31977f6d2,Rriocard,Conrart,rconrartbp@boston.com,Male,668 Waubesa Center
cd7bf76f-6a70-41d7-b355-9cb1ab5664c9,Ludvig,Yelyashev,lyelyashevbq@umn.edu,Male,87 Lawn Way
dd6b3e7b-6d0c-45d2-88ee-79a5538a422c,Melisa,Maden,mmadenbr@example.com,Female,53 Monument Parkway
c42fc400-13ad-4173-8ae0-fe7c7dd97ba3,Claudina,Phinn,cphinnbs@wisc.edu,Female,3420 Delladonna Crossing
3316245c-5e75-4785-9f59-66fe0f23b1a9,Madeline,Cranch,mcranchbt@wix.com,Female,2512 Luster Court
d7e781ae-dcd8-4f0e-93d1-1a479c802426,Emerson,Surman,esurmanbu@github.com,Male,386 Village Green Way
04474f57-66a9-482c-b20c-4573eebe70a5,Jaymee,Alliot,jalliotbv@dailymail.co.uk,Female,0684 School Road
42cb54e6-1548-475f-bd3a-d935d1192c80,Arline,Jennaway,ajennawaybw@jiathis.com,Female,521 Banding Point
c5bfbe56-9d0e-46f6-8b47-75a1acc035fd,Nell,Talby,ntalbybx@army.mil,Female,78430 Oneill Avenue
bbd1124b-abbb-43da-8b67-fafd9782a4a5,Batsheva,Faull,bfaullby@japanpost.jp,Female,4 2nd Place
5941fc85-bb60-4bb6-b251-301e3f18e5b9,Aloisia,Kiloh,akilohbz@issuu.com,Female,0666 Morrow Parkway
94c0b01c-5097-4c86-81e4-58061d5b6487,Claudina,Lannen,clannenc0@globo.com,Female,85 Nevada Center
81473c84-4693-40a5-83d8-9b303e5b0f5c,Ardeen,Brook,abrookc1@weebly.com,Female,6995 Springs Point
25c8ef89-6d8a-4328-b953-959531874850,Chauncey,Vickerman,cvickermanc2@1und1.de,Male,4137 Monterey Terrace
610474f2-11b0-4c4b-bfe5-d16bf4bf9444,Leonhard,Badby,lbadbyc3@blog.com,Male,94772 Nancy Court
48093e28-a5af-4f42-b23b-1840508eb901,Garvey,Aleksashin,galeksashinc4@bbb.org,Male,8 Kedzie Hill
c36c7c8b-cd53-4bc6-99df-b437a56cb361,King,Seager,kseagerc5@storify.com,Male,440 Pearson Road
ceb6fed7-49f1-48c4-b380-82b93ce2b86e,Pinchas,Steuhlmeyer,psteuhlmeyerc6@topsy.com,Male,26204 Farwell Crossing
2a6b2567-fd25-4576-941d-a496aac00cf4,Nicolina,Di Meo,ndimeoc7@slate.com,Female,63 Delladonna Circle
83ab1725-b2fa-45a5-968d-bbd913d368d3,Hartwell,Boden,hbodenc8@goo.ne.jp,Male,81 Village Green Way
09a2daf2-5d1e-4424-b439-1b697338096c,Tracee,Budgen,tbudgenc9@sitemeter.com,Female,6433 Dixon Trail
ba93b55f-fd0f-46b0-9569-0271f21299f1,Delphinia,Twede,dtwedeca@w3.org,Female,1974 Prairie Rose Place
eb826295-aa9f-4df3-a7f2-70fac7d0bd8e,Francis,De Giorgis,fdegiorgiscb@tinypic.com,Male,5728 Ridge Oak Trail
a7e01b72-a0fd-411b-af80-22ad8640aaa1,Starr,Connochie,sconnochiecc@g.co,Female,97042 Lunder Pass
24791cc8-9211-47a2-b6e7-b8d4309d4136,Dewitt,Valler,dvallercd@smh.com.au,Male,6 Heath Terrace
2df69809-ce04-4fd7-9a4a-fe55de3ed671,L;urette,Brader,lbraderce@altervista.org,Female,1953 Division Park
983f9044-1c64-4a7c-86ea-a658acc6f523,Dacie,Lawlee,dlawleecf@liveinternet.ru,Female,0 Forest Dale Center
240babf2-2199-46d0-a794-f2f692593ae6,King,Orkney,korkneycg@whitehouse.gov,Male,9828 Eagle Crest Plaza
4b3e89e4-071e-4129-a40a-d55f45af653b,Hurlee,Nelthrop,hnelthropch@intel.com,Male,61 7th Junction
5fcf4904-bdc6-4f21-9bdf-41450ece1e0c,Natka,Gritsaev,ngritsaevci@arstechnica.com,Female,487 Jenna Plaza
9188845c-d999-4b92-bcef-5b679edafba0,Ursala,Gennings,ugenningscj@who.int,Female,5823 Express Place
e93f5829-09c5-4a23-8d13-192018b6e099,Sigismund,Quaife,squaifeck@answers.com,Male,70 Porter Alley
21f50da5-d7b7-47db-b71b-ba6c950e7e3e,Brian,Lipgens,blipgenscl@tuttocitta.it,Male,991 Kedzie Plaza
e69607cc-37af-4f2e-a545-f510e8f7ac30,Fiann,Deme,fdemecm@nifty.com,Female,007 Lighthouse Bay Alley
9d892dfc-bb9a-42af-bf66-9ec23f859c92,Ninon,Henkmann,nhenkmanncn@hud.gov,Female,20040 Northfield Hill
d257c64d-b589-4c53-a8cc-c38f8c095ce6,Nonie,Phair,nphairco@usgs.gov,Female,81 Mallard Avenue
95c2a0a9-17f5-4b9f-9822-9dab500f5cca,Bridget,Nail,bnailcp@icq.com,Female,04943 Superior Pass
a2003509-5be6-42aa-9fb6-ebe9812e8888,Ashli,Buey,abueycq@ehow.com,Female,380 Melvin Terrace
cc9af5fb-5106-47a8-a013-94102911d633,Yolanda,Wadmore,ywadmorecr@list-manage.com,Female,8787 Stephen Drive
e8e566f5-5ef6-4001-a553-cf4dff8a54b2,Modestine,Spofford,mspoffordcs@wiley.com,Female,10 Hoard Place
604a58bd-21ae-4ed8-8b6c-83f5c3284d01,Lorrin,Manford,lmanfordct@thetimes.co.uk,Female,4 Dunning Avenue
da0d741b-41f8-44fa-828b-6c0deaa110cf,Jordanna,McGuckin,jmcguckincu@twitter.com,Female,6 Bartillon Lane
5d56a0ab-7c75-4dce-9932-e963de42bf12,Scotty,Ransbury,sransburycv@bing.com,Male,255 Mockingbird Plaza
684f450b-a4ad-42c5-a6a1-78e7cf90e1c4,Savina,Newbury,snewburycw@gov.uk,Female,6568 Pankratz Hill
ce5bebd6-4dac-4e2d-adcc-a989be61873b,Erastus,Bonnefin,ebonnefincx@archive.org,Male,97881 Lakewood Gardens Pass
676b8bc9-8de1-4a3d-bf02-eced066e0a65,Christy,Wrightham,cwrighthamcy@wix.com,Male,05889 Claremont Lane
bb79a53d-c935-4dfc-ae53-ea7c7dfc66ec,Cyrille,Grayley,cgrayleycz@biglobe.ne.jp,Male,23273 Delladonna Circle
03b458b0-4afb-42b7-998c-5a7993a7c4e4,Ilyse,Jay,ijayd0@about.me,Female,57716 Merchant Avenue
866e8cba-702c-420b-a7f9-012960da2afe,Aggy,Adelsberg,aadelsbergd1@barnesandnoble.com,Female,38943 Homewood Crossing
61f03add-e3a3-43ed-ae80-dc6e6612fa24,Milli,Cruttenden,mcruttendend2@51.la,Female,74424 Blaine Road
af5babb2-a04d-449f-8ad7-88e5efcd655a,Brooks,Bellini,bbellinid3@eventbrite.com,Male,46456 Arrowood Plaza
dd6dc5ba-e854-4b98-aa79-7b3cb62fb089,Armando,Duggan,aduggand4@craigslist.org,Male,9714 Norway Maple Trail
53ef7e2d-ac91-4360-8d64-52919b562267,Bibbie,Limming,blimmingd5@icio.us,Female,37 Waywood Place
a9e515c4-f5bc-409c-b6c9-9f0716e99624,Phyllida,Cobbledick,pcobbledickd6@scribd.com,Female,3 Sunfield Circle
6203e4ef-3035-48e4-bf4c-c170ac5184a7,Miran,Bogaert,mbogaertd7@unc.edu,Female,98251 Prairie Rose Point
290341f0-ac3c-4083-af03-d9f0613019e3,Warden,Tersay,wtersayd8@cam.ac.uk,Male,5240 Londonderry Avenue
7d93b9f9-577f-4bc0-b3a1-078f69c84089,De witt,Dallicott,ddallicottd9@sphinn.com,Male,51991 Continental Parkway
96c30352-2b8b-436f-8695-b8c0dbb712b0,Jeannie,Paschek,jpaschekda@house.gov,Female,50 Norway Maple Avenue
b80bb479-541a-4be5-a307-aa371d774c8b,Andonis,Vear,aveardb@vistaprint.com,Male,2 Mcguire Point
747f84ac-c1b4-4483-ab5d-9806fde26bf9,Angelico,Hendonson,ahendonsondc@dyndns.org,Male,88631 Badeau Street
e37c68ff-2388-48cc-872e-2f9c09028e07,Harri,Stares,hstaresdd@cbc.ca,Female,0 Spaight Circle
688cb1c7-3919-486b-853d-3a469dd7ee61,Dom,Perel,dperelde@angelfire.com,Male,90 Muir Park
c6647c6b-f8ba-4665-90d2-0c51d9dc77b5,Jo-anne,Fitzsymon,jfitzsymondf@squidoo.com,Female,32 Manitowish Parkway
28148209-d0bc-4ced-89d2-1533e4c1226f,Stuart,Rickets,sricketsdg@admin.ch,Male,5930 Ridgeview Court
f3340b4a-e067-4fe9-8b91-ca729b02abb1,Raul,Conkling,rconklingdh@dmoz.org,Male,050 Laurel Center
2658505b-5941-463f-a3c5-d189e85c1aac,Justina,Ilson,jilsondi@paypal.com,Female,9 Crescent Oaks Lane
11d5352d-ade3-42b0-b91c-b2376ded500b,Dawna,Buscombe,dbuscombedj@ask.com,Female,62146 Dottie Plaza
05bb93e4-2952-4c43-983d-718cf7d8fd91,Donelle,Sanney,dsanneydk@unicef.org,Female,186 Homewood Drive
44505471-61e9-47b5-ab4b-0caf3f9e9273,Burke,Bates,bbatesdl@engadget.com,Male,95719 Maple Junction
a96c782a-42ba-49ee-84ff-a13465ac48ff,Lacee,Firby,lfirbydm@globo.com,Female,65 Sheridan Crossing
03353021-a64d-4fe7-a952-2966c00f123b,Clyde,Leyburn,cleyburndn@abc.net.au,Male,019 Grayhawk Way
3df3dae5-7874-4e76-bff1-0dd9f9fc0eb6,Palmer,Tolemache,ptolemachedo@ed.gov,Male,7 Summit Way
830b1324-a91c-4101-9079-7c3c04e562f5,Kylen,Earp,kearpdp@woothemes.com,Female,73938 Crest Line Road
f6aa9c6b-4666-4692-9ba4-11ed6993b284,Rob,Klagges,rklaggesdq@usgs.gov,Male,4422 Bashford Pass
8b89f97c-b2e6-4977-9cdf-cdb0d34b0421,Trina,Kitter,tkitterdr@epa.gov,Female,99 Stang Way
ead5bce9-3845-46d4-adda-a1c65b7cfba3,Hartley,Barkley,hbarkleyds@geocities.com,Male,183 Del Mar Point
de441744-3d9b-44ef-aca6-423518bc8489,Buiron,Edmons,bedmonsdt@blinklist.com,Male,919 Forster Place
17c72d30-7c76-4230-b671-d9ef6ad49369,Cammy,Dumsday,cdumsdaydu@upenn.edu,Male,656 Cottonwood Parkway
d76d65af-33a9-42f5-a149-ab32f7707491,Clarice,Tille,ctilledv@live.com,Female,80 Sachtjen Center
dadaee00-dc1c-4681-a8e4-d177ba6c9d97,Oneida,Grishanov,ogrishanovdw@hostgator.com,Female,7 5th Avenue
2a60d21b-ed79-46dc-8e0b-ab6285fd0723,Bailey,Klausen,bklausendx@bluehost.com,Male,18 Nova Street
faad3bcb-aa91-4397-ab14-e0441e316eaa,Silas,Ciementini,sciementinidy@spotify.com,Male,6 Muir Trail
2ae78c0f-9bb3-4dd1-8b38-3388ce1f67d8,Jen,Rubel,jrubeldz@elpais.com,Female,68306 Sunbrook Plaza
2e9c73fa-9753-4748-b727-85eb00e2884c,Teddie,Elderton,teldertone0@nydailynews.com,Female,1 Erie Pass
1470c09a-39c3-4d64-b9a3-90bf782ced6f,Durand,Mitkov,dmitkove1@surveymonkey.com,Male,629 East Way
9dd6a1a3-0c24-4574-a72e-f21a966ffb49,Clemmie,Cumes,ccumese2@bbb.org,Male,3 Old Gate Alley
f2e68a2d-b20e-4422-998a-8c15bdd2125c,Jabez,Crosson,jcrossone3@msn.com,Male,242 Farmco Road
428917bb-9aa7-43e0-bf6f-fe6269d49c70,Analise,Seacombe,aseacombee4@jugem.jp,Female,457 Kipling Way
3f25444e-f3a3-4d06-a4e4-2b407468a869,Averell,Christol,achristole5@flickr.com,Male,4 Meadow Vale Hill
79c87719-99c5-47e2-85d4-56e8c1866279,Tommie,Soutar,tsoutare6@blogger.com,Male,6874 Melvin Circle
5267b26f-3d15-4958-9523-d00b542167ee,Nolan,Petranek,npetraneke7@about.com,Male,78546 Cambridge Avenue
48085bf5-3795-4cf0-9517-7da1c394e9b0,Inglebert,McCamish,imccamishe8@statcounter.com,Male,8210 Utah Hill
d51a4d6e-4450-4c8a-a34d-0f49c9666d17,Frances,Imlen,fimlene9@miitbeian.gov.cn,Female,671 Schurz Street
7c9c08dd-ab38-4735-887d-bacd6e4ec8c0,Domeniga,Jacquemard,djacquemardea@twitter.com,Female,0190 Menomonie Center
65a21f81-100e-4912-a602-862b0001ee61,Elyn,Cruickshank,ecruickshankeb@mapquest.com,Female,9781 North Point
2e0bb968-f131-4122-aadd-04f97f9454a8,Mildrid,Matuszinski,mmatuszinskiec@google.com.hk,Female,9838 Tony Junction
fc1865c6-b5b3-483c-b901-3f2be455bb63,Fabio,Duberry,fduberryed@hp.com,Male,66 Schurz Crossing
a6c0f098-8703-4866-85f1-925054001fa4,Aaron,Vigus,avigusee@baidu.com,Male,20411 Canary Plaza
9cd45992-4dfb-4979-a76c-5a5766b50944,Kalila,Francais,kfrancaisef@mysql.com,Female,75300 Heffernan Lane
0d7eb2a1-23b0-475d-98d7-60ae9862d082,Skylar,Hofer,shofereg@google.co.uk,Male,6 Oneill Road
de5d2c0e-75aa-49f8-974f-b809702b4c0d,Silvester,Kinsella,skinsellaeh@dropbox.com,Male,0 Transport Junction
b7b1ec74-c889-43bc-8e30-5b2bfe3e0038,Dennis,Wallicker,dwallickerei@hc360.com,Male,3 Rowland Avenue
1c82ce22-72f4-474b-9b8e-1cf678278f05,Renate,Clayhill,rclayhillej@usatoday.com,Female,20839 Myrtle Road
0eb4c331-8ce5-414c-890d-34de3b59111c,Sergei,Smogur,ssmogurek@wikipedia.org,Male,0 Ohio Avenue
d5fa7f74-acac-46e5-876a-34da0ba14098,Corri,Orpin,corpinel@sakura.ne.jp,Female,18061 Welch Park
ffb56a63-bddd-4798-88a6-cf7bc3768fa1,Molly,Leeman,mleemanem@usda.gov,Female,0 Parkside Terrace
0175bafd-1ce7-488a-9f1f-6c163153f280,Ethelred,O'Scollee,eoscolleeen@a8.net,Male,07931 Sauthoff Park
5861a59b-2d0c-42c5-8d1e-35784b1294a9,Chanda,Steane,csteaneeo@altervista.org,Female,27 Ludington Street
7f811702-2f56-41b2-b90b-fbf0103f8a12,Scarlet,Draayer,sdraayerep@archive.org,Female,1383 Melvin Center
661711b8-bab8-41c3-86d6-8a89db0c073b,Lora,Taylot,ltayloteq@mayoclinic.com,Female,8 Fuller Hill
47a20ec8-16e8-46db-a076-ee8e3d145163,Artemis,Endrici,aendricier@ft.com,Male,303 Fieldstone Street
3710ecda-f4c7-4c8f-a270-ec92fb392e10,Carce,Cruickshanks,ccruickshankses@issuu.com,Male,1 Pennsylvania Trail
35494d3a-69e8-405a-b3c3-c2a2b735e35f,Aretha,Scardafield,ascardafieldet@ucoz.ru,Female,559 Susan Way
dcc06b1e-9ce8-40a2-9a6a-e4089331b2e0,Ruth,McGorley,rmcgorleyeu@facebook.com,Female,90 Elgar Drive
6e51b8dc-b438-406a-9cb2-a58530ae9484,Arlyn,Alywen,aalywenev@elpais.com,Female,673 Garrison Plaza
c44f63ae-bb1d-4b3c-8097-6ad06c101cf9,Rogerio,Vango,rvangoew@chronoengine.com,Male,33 David Park
2c9d7ce4-ef64-4762-876e-175ea15fe067,Zacharias,Keel,zkeelex@biglobe.ne.jp,Male,26 Gerald Terrace
ed7fe09d-3b5f-419f-9544-42ddc4f511d0,Brunhilde,Juppe,bjuppeey@goo.ne.jp,Female,3 American Drive
3efeb911-7bdb-4cfb-9e08-5d8a8686e4a0,Donnajean,O'Lunny,dolunnyez@naver.com,Female,98270 Center Drive
367d9f5e-2d43-4167-9f77-cecc10b71f3f,Packston,Fero,pferof0@craigslist.org,Male,9065 Stephen Center
06362e60-55ae-42c2-8a32-75f983dda8bf,Jaine,Bartke,jbartkef1@ezinearticles.com,Female,09051 Service Crossing
1d565ad5-4d3f-49dd-af7a-8d0c041f98bf,Albertine,Winspurr,awinspurrf2@paginegialle.it,Female,6157 Fairfield Way
d41458e5-49d3-42e4-a97a-79f627225317,Tonya,Sheilds,tsheildsf3@indiegogo.com,Female,6 Lerdahl Way
8476e243-dcb2-4d8c-951d-436030b88a42,Colas,Stare,cstaref4@reuters.com,Male,003 Brown Crossing
dfc7431c-fc88-41f0-8283-cb8ad7d560cb,Marjorie,Tethcote,mtethcotef5@macromedia.com,Female,924 Moland Crossing
c34dd117-8af9-4810-a6e8-9ef6bc379dd2,Zaria,McGuffie,zmcguffief6@cloudflare.com,Female,1 2nd Alley
7540ffc5-9337-4f9a-b67a-2108685db323,Katharina,Pollie,kpollief7@bloglines.com,Female,15 Anderson Point
7ec8c739-5eaf-4c2c-8f4f-de8f442177a7,Prudence,Trighton,ptrightonf8@engadget.com,Female,0945 Hallows Way
b37bfda2-ccfd-4a54-be04-cf40def33c0c,Neale,Boulsher,nboulsherf9@webs.com,Male,3 Calypso Lane
4e84f959-ad46-4566-8997-9da93b0bb18f,Alix,Edmans,aedmansfa@infoseek.co.jp,Female,0204 Harper Terrace
c587413a-9f2e-4917-be81-bbed1b4ed8c7,Rikki,Hofler,rhoflerfb@multiply.com,Male,731 Meadow Ridge Junction
e49820e8-44ff-47b5-8a2c-09a3e1564cc5,Ariela,McEnhill,amcenhillfc@123-reg.co.uk,Female,92042 Southridge Street
0bdf76ff-ee06-4295-aeb7-0b182e3bced9,Edd,Girogetti,egirogettifd@theatlantic.com,Male,13893 Luster Court
9b9fd2ff-6298-4c31-89e2-b429cc6f83f8,Major,Tott,mtottfe@zdnet.com,Male,58 Gateway Parkway
346961fa-4212-4466-b7a0-103f9d5eb44c,Lorne,Swansborough,lswansboroughff@aol.com,Female,40 Union Park
4bef31b8-f314-413c-b27e-75dd2cba839f,Codie,Forsdyke,cforsdykefg@vinaora.com,Female,16 Kedzie Hill
889aa1f6-fd85-48b1-881b-63684f050b88,Michaella,Linstead,mlinsteadfh@hao123.com,Female,9854 Goodland Road
d05ac87a-461d-4784-a3d4-9af3dc205c64,Yorke,Giovanni,ygiovannifi@behance.net,Male,4687 Colorado Hill
77726a82-a5a2-4265-a5c2-2e0a92b2935b,Tedi,Prop,tpropfj@google.es,Female,29884 Heffernan Road
55102bf8-c688-471f-a9fd-f9dc33dc3123,Howard,Crosfeld,hcrosfeldfk@salon.com,Male,4665 Carberry Terrace
d29c7848-7f5b-44c4-abc1-bcf8bcce2c92,Andie,Patmore,apatmorefl@hp.com,Male,13 Debra Trail
17a4e462-3ff9-48a1-b5db-10661417a27c,Tann,Vereker,tverekerfm@wikispaces.com,Male,3 Sauthoff Way
987b0980-86ac-44ee-9e28-ba1e89ae342e,Danila,Cuerdale,dcuerdalefn@behance.net,Female,65 Ronald Regan Park
d4d424cf-4b9d-45b8-b40c-2f138e80b664,Luciana,Starford,lstarfordfo@abc.net.au,Female,2673 Portage Parkway
ce2aec5b-97a3-4b32-a64a-f4b6ab38f128,Leona,Stormonth,lstormonthfp@woothemes.com,Female,7640 Mifflin Road
bbf46cea-5840-4225-82a6-accd48015bae,Brad,Srutton,bsruttonfq@canalblog.com,Male,334 Laurel Hill
b096b03f-9204-4b23-a89f-1c855d1e63ef,Jeffry,O'Lunney,jolunneyfr@webnode.com,Male,0 Lighthouse Bay Junction
91d0e1c3-53e9-4fd7-8db6-b9bc09cf593a,Tarra,Wahlberg,twahlbergfs@youtu.be,Female,4042 Cordelia Court
94067c00-905f-4c1f-8d5f-014871b514a4,Inga,Buckler,ibucklerft@washingtonpost.com,Female,2087 Sunnyside Point
5023ac89-a88a-404d-87c4-4623de311ba5,Honoria,Pennycook,hpennycookfu@psu.edu,Female,238 Macpherson Drive
cfb897b5-2a95-4bc7-9f00-034223cd397c,Edward,Claworth,eclaworthfv@harvard.edu,Male,452 Crownhardt Trail
0063d43e-fa17-4f9f-8a80-d6bbc13fab71,Karim,Kendell,kkendellfw@taobao.com,Male,662 Fair Oaks Drive
25870145-725f-44f9-af8e-388d727089b5,Johnna,Langfitt,jlangfittfx@behance.net,Female,2376 Warrior Way
004e0a19-5f4a-4e48-a0c7-b22438324199,Meade,Rodders,mroddersfy@house.gov,Male,2803 Meadow Vale Parkway
02b24c5d-72dc-4f4b-b3d9-e69d19f3d83e,Avery,Dinse,adinsefz@paginegialle.it,Male,50848 Weeping Birch Road
235c37dd-da08-4ad8-8f06-c10a600aaf98,Winslow,Kill,wkillg0@themeforest.net,Male,40768 Towne Pass
1c8e6d1a-20d8-4c29-8741-ee363011fd3b,Anderson,Braams,abraamsg1@google.com,Male,57114 Lunder Park
c8c0cbbd-fa75-45b1-9c16-714bc2612427,Sherie,Vosper,svosperg2@slideshare.net,Female,52513 Sunnyside Center
88ee0db3-6a5b-496c-acc2-af006e23b6dd,Zerk,Vautin,zvauting3@mediafire.com,Male,21990 Maple Terrace
75ab3488-a8ef-4a72-aee7-4a70ce9df934,Lenard,McCrorie,lmccrorieg4@meetup.com,Male,75 Redwing Park
0cc74a49-2cb1-471e-84bd-eaaedc2799f4,Griffy,Koubek,gkoubekg5@macromedia.com,Male,16292 Nancy Pass
8a1d987a-33f8-4aa2-a75f-c56cfec9949f,Clary,McOrkill,cmcorkillg6@xinhuanet.com,Female,453 Dawn Lane
4455003f-bf5e-41ec-8753-b49ded169955,Randi,Allder,rallderg7@qq.com,Female,1 Quincy Street
f7f51f49-b057-4405-bc99-3eb93bdf4184,Phillie,Verni,pvernig8@nyu.edu,Female,0 Straubel Street
2a4d7e53-19be-46f8-b9ee-e6e444981247,Engracia,Feldmus,efeldmusg9@macromedia.com,Female,49375 American Ash Terrace
c20f8f57-d25f-4ed8-9849-cf238af80029,Jobey,Shieber,jshieberga@bloglovin.com,Female,2396 Old Gate Circle
3a8e1ac0-cb7f-420a-ac70-07a1a7b81bcb,Andros,D'Aguanno,adaguannogb@symantec.com,Male,815 Russell Center
64477680-3de4-4a6c-820f-b115be5fa5b1,Anjanette,Redwin,aredwingc@cocolog-nifty.com,Female,06 Carioca Way
77837de2-c6c6-4595-8500-ca7c9ad1da56,Pattie,Jouanny,pjouannygd@boston.com,Male,129 Merchant Way
0e2b511b-8b9a-4d95-9778-e213ffbfd37d,Valerie,McHenry,vmchenryge@alibaba.com,Female,5 Superior Parkway
49403e03-b55f-4a25-9ace-6abf295e3868,Lew,Meneghi,lmeneghigf@mtv.com,Male,8 Sutherland Junction
c2709ecf-a487-48a9-85ed-17048976bab8,Lynnette,Owens,lowensgg@free.fr,Female,4754 International Point
0a3e327a-4fe6-4281-a16b-bf8778c90fe4,Corey,Overal,coveralgh@statcounter.com,Male,0 Canary Road
1971707a-0e32-40ea-b032-1647b865c660,Brooke,Weldon,bweldongi@wisc.edu,Male,324 Florence Road
9dca0a3a-5908-451f-abd7-0c736aebc6c4,Dominic,Cossum,dcossumgj@goo.ne.jp,Male,5 Thackeray Court
e7f294f7-01df-4b4c-92db-8ad4c5703bd0,Vladamir,Guye,vguyegk@rediff.com,Male,11 Melody Pass
3a1a3123-c427-41c0-b62a-d74630e3591d,Marlie,McLoney,mmcloneygl@scribd.com,Female,938 Anzinger Street
be9f5932-beea-4635-a351-bda402e73460,Shaine,D'Angeli,sdangeligm@weibo.com,Male,62070 Knutson Center
cd69782b-e719-4f84-97bb-e8f014fabab2,Rois,Newport,rnewportgn@who.int,Female,3 Hermina Circle
8bbe9561-a5e4-4b03-b120-c9c3df71def3,Silva,Lawes,slawesgo@surveymonkey.com,Female,8 Caliangt Terrace
694e6f27-e196-482c-b899-87d2d3aae9f6,Westbrook,Touhig,wtouhiggp@wisc.edu,Male,8 Utah Road
ae24fa93-4da4-4b80-b449-90bd59ed488a,Harcourt,McLarens,hmclarensgq@hugedomains.com,Male,9 Ramsey Center
cd834134-7f16-4bf9-bfc3-9febdec21ed5,Wilhelmine,Tumbridge,wtumbridgegr@parallels.com,Female,561 Lakeland Parkway
bf9d9cec-da3a-4267-86cc-21dad4be8fa8,Dennison,Capp,dcappgs@google.pl,Male,14 Bobwhite Parkway
97ccd0e2-da73-4059-b8eb-594a251c9f23,Diahann,Sinderland,dsinderlandgt@clickbank.net,Female,650 Lillian Way
872213c8-7191-4745-9973-b36f36cf0c00,Sheelagh,Grier,sgriergu@reverbnation.com,Female,6643 Evergreen Alley
49bb618b-d110-43f1-9987-823f52174024,Willis,Kuhnke,wkuhnkegv@naver.com,Male,5 Brickson Park Road
18405b57-8311-40eb-92fe-b5014f9da2cc,Amery,Rizzillo,arizzillogw@mediafire.com,Male,76847 Forest Dale Center
4d799e8c-a23a-4b5f-a50d-4050cade356d,Whitaker,Venney,wvenneygx@people.com.cn,Male,1812 Fremont Park
0c4a36dd-8cb8-418f-8ac3-feec34d42a21,Ursala,Krochmann,ukrochmanngy@cafepress.com,Female,64 Upham Court
e4ea880d-1a3a-4146-86cc-4f0c1a070902,Sondra,Paal,spaalgz@infoseek.co.jp,Female,942 Oak Valley Crossing
51f428bc-579a-4078-80b0-1c1159a96b40,Lavina,Scinelli,lscinellih0@mail.ru,Female,4040 Northview Point
9bfde4d6-e23d-4410-a49a-1996a57d461e,Collen,Rapkins,crapkinsh1@nps.gov,Female,2103 Ilene Street
c7571c37-bdfe-4303-911f-4bd512a48631,Ynez,Aldhous,yaldhoush2@npr.org,Female,1566 7th Avenue
fbdefce5-d3b3-4eb6-bcc2-b466dc726a8c,Peg,Juppe,pjuppeh3@storify.com,Female,5741 Summit Road
a30edc8f-2cd5-4039-b097-6f733cad8cda,Maiga,Kelloch,mkellochh4@blogger.com,Female,96930 Everett Court
8330d333-4619-4ace-9959-b63abffb45f6,Timoteo,de Marco,tdemarcoh5@slashdot.org,Male,967 Kipling Crossing
e6f62c4a-d537-4031-869d-b40b90d07ce2,Siward,Phoenix,sphoenixh6@php.net,Male,80 Fair Oaks Pass
a2585154-cc97-4b71-a83b-cb9a2bc7780a,Pennie,Frear,pfrearh7@harvard.edu,Male,2107 Claremont Alley
55a50ea8-0970-4c39-8384-176170aecc23,Tymon,Aymeric,taymerich8@java.com,Male,47 Oak Valley Place
979dc5eb-f3f1-49cf-9be5-9780e83ee1a7,Cull,Cleator,ccleatorh9@bloglines.com,Male,8203 Oneill Street
8328a65d-a18b-473b-899d-a3fbc0ce1fb1,Frederich,Bursnell,fbursnellha@godaddy.com,Male,3 Mendota Park
102c93e2-220d-4323-aed9-b7c7872aec5a,Bartram,Najera,bnajerahb@ibm.com,Male,88 Mcguire Center
47620fb9-15b5-4bbf-911d-7d0a3de75416,Vonny,Ianilli,vianillihc@mlb.com,Female,10 Prairieview Drive
17f38bac-3700-4b98-ae91-6f054ab6beaf,Jerrie,Tomkins,jtomkinshd@lycos.com,Female,190 Ronald Regan Point
a0c0135c-b502-483f-9ccb-cdd6647341e2,Amanda,Parry,aparryhe@accuweather.com,Female,65 Independence Terrace
1755c2a8-84c2-423a-b2fb-80fb69cba196,Veronika,McIlhone,vmcilhonehf@netscape.com,Female,811 Kipling Pass
c5414bd4-fc28-4045-b1e2-35217e9ec23f,Lesley,Glabach,lglabachhg@vistaprint.com,Female,86241 Northfield Place
bd9665c2-0351-4ac3-8939-83f48c850f7d,Kenny,Jakucewicz,kjakucewiczhh@illinois.edu,Male,61 Eastlawn Crossing
ca2a1a67-98eb-470c-9afc-7173208ef60c,Pooh,Beranek,pberanekhi@samsung.com,Male,195 Drewry Park
5d277e82-6532-4671-bf53-35ec4b1d8878,Alexio,Zanussii,azanussiihj@deviantart.com,Male,77 School Junction
a050ab8d-91fe-45b6-8edb-6be1476b31c4,Korry,Sim,ksimhk@cafepress.com,Female,033 Eagan Way
2f51635e-2248-4349-880a-1e228adb8798,Lorri,Carcas,lcarcashl@go.com,Female,2 Carpenter Trail
3ae1a405-99ab-4dbe-9776-54ecbddc37cd,Sheelah,Pollen,spollenhm@ebay.com,Female,49 Village Green Junction
ecb20ca3-18d2-4240-8621-69f0edef0cf5,Trevar,Shirrell,tshirrellhn@seattletimes.com,Male,728 Mandrake Avenue
79ac9c8f-afa5-4725-bee1-2b44c43eb5c8,Jeremie,Rotge,jrotgeho@biglobe.ne.jp,Male,78210 Johnson Terrace
8363b0f8-305c-4aee-9345-0282cc9d0c4f,Evangeline,Powner,epownerhp@bbc.co.uk,Female,01942 Prairie Rose Trail
9ab896ae-1752-4f9f-8ca3-ec2172e2c197,Bronnie,McLafferty,bmclaffertyhq@berkeley.edu,Male,3764 Kim Point
4c1edb92-e29e-46d7-b648-ca7402228106,Dionis,Kiezler,dkiezlerhr@hc360.com,Female,151 Carioca Hill
2e09c4d9-371f-4be5-a413-d760de99711d,Malory,Ropars,mroparshs@state.gov,Female,869 Gina Parkway
b8be66ab-997d-41a3-ad61-38f8f0452259,Kinnie,Bodiam,kbodiamht@ovh.net,Male,25 1st Way
1a20f2d3-e9e5-4e16-80b9-fb5d9d9b9cd2,Eddy,Shevlan,eshevlanhu@paginegialle.it,Female,9 Loeprich Point
701408d8-9a83-46d4-a9d9-3734edebbfcd,Bobina,Beltzner,bbeltznerhv@ycombinator.com,Female,6 Hazelcrest Place
d7a90d51-1ed4-46ab-8147-73008471f19e,Augustina,Cartmel,acartmelhw@360.cn,Female,65021 Toban Pass
7baa22db-244f-42de-b223-5ba4b33fa4d8,Cordi,Slowan,cslowanhx@hao123.com,Female,97783 Independence Street
f5132ed6-b34a-43e0-b503-b035347d6755,Brook,Hardesty,bhardestyhy@ow.ly,Male,6449 Green Ridge Junction
61315fdc-5fe2-42a9-bd69-4f76aeafa85b,Killian,Jakaway,kjakawayhz@guardian.co.uk,Male,79 Thompson Way
717f5b7e-961b-44a1-bed1-371517f013d1,Merrill,Cambell,mcambelli0@desdev.cn,Male,95939 Lukken Street
41b52c6d-dd2c-443f-9dff-925a64d93716,Filip,Bellwood,fbellwoodi1@exblog.jp,Male,7280 Drewry Street
df214ccd-6ecd-4043-8978-29ed3387b66f,Manfred,Vasiljevic,mvasiljevici2@cbsnews.com,Male,66 Derek Way
b15d5198-d660-4889-a12b-da2c20b2ccf0,Hestia,Gethings,hgethingsi3@google.ca,Female,57225 Lindbergh Court
98851b95-db28-4cea-8edc-6865cb980918,Ned,Loines,nloinesi4@senate.gov,Male,7 Lindbergh Drive
39e24d15-6265-4e5a-9719-0a22e55e1a10,Darlene,Desporte,ddesportei5@timesonline.co.uk,Female,21872 Kedzie Point
178111a5-9b7c-4d98-8f1c-dae30bc06c18,Budd,Dhennin,bdhennini6@harvard.edu,Male,9 Tony Terrace
99f69c60-be96-481a-8cd6-d887c660e8f1,Lew,McGuirk,lmcguirki7@xing.com,Male,95 Eliot Place
453425bf-d62c-4af3-9e84-7bc739c5b7ee,Thor,Delete,tdeletei8@ask.com,Male,8085 Rigney Place
3b083963-2387-4798-b785-2ef9888ac683,Cristi,Connolly,cconnollyi9@liveinternet.ru,Female,963 Corry Road
aba66def-8980-4481-9266-f273daa71d26,Olenka,Bullock,obullockia@tinyurl.com,Female,76094 Summerview Junction
f7d9c32d-6a11-4f63-9195-52f9e961803d,Aimil,Hinsch,ahinschib@usatoday.com,Female,39489 Steensland Way
186a6d14-ab73-462a-ab44-ed1fd6776440,Trevor,Gruszecki,tgruszeckiic@netvibes.com,Male,3 Thierer Parkway
9bc50a91-5c50-43da-9761-a525daadf133,Cathie,Badwick,cbadwickid@flavors.me,Female,43 Sutteridge Point
36571f78-add9-44f2-9fe9-bee33d911145,Issy,Rothert,irothertie@networkadvertising.org,Female,9897 8th Trail
0ec1f1b8-4b23-4feb-83f2-abdb59960f9d,Ellynn,Taffs,etaffsif@un.org,Female,74949 Mifflin Court
9dd68107-066d-4d26-904c-ccdb692ca456,Magdalena,Knapper,mknapperig@mashable.com,Female,0 Sachs Hill
30213c90-c45e-4417-aee5-0c8225c952cd,Livvie,Iacobucci,liacobucciih@tamu.edu,Female,5 Maple Hill
8d97e6f7-0127-4d14-86c9-cbdc092c5194,Virgil,Eayres,veayresii@cdbaby.com,Male,4817 Surrey Hill
3ebd0671-d5ff-4717-9468-23ee323c1b6f,Elijah,Jervis,ejervisij@icio.us,Male,379 Bayside Place
1080444a-b56c-4588-914d-3204f4dce947,Brynna,Eggleton,beggletonik@pagesperso-orange.fr,Female,62 Mesta Hill
cb6447f7-ba7b-4c1a-97d9-10dc109a0416,Zita,McCrea,zmccreail@patch.com,Female,1020 Truax Place
97cc0200-5757-46b7-9874-7476bfd49cee,Giulio,Thomke,gthomkeim@hp.com,Male,97976 Nevada Court
75fa8953-6824-4254-8323-2cf897dca2c1,Dori,Brattan,dbrattanin@freewebs.com,Female,77 Ilene Road
7dfc8069-9db6-441a-87ff-292b4a5e8497,Cosette,Camell,ccamellio@yahoo.co.jp,Female,06405 Gina Alley
1134ba3e-d649-4c96-b30d-f95c21dab4cf,Mitchael,Sworder,msworderip@mit.edu,Male,1 Village Green Street
8c8c53cf-3784-4310-a601-f3b81e0b3c6a,Birch,Venney,bvenneyiq@w3.org,Male,539 Armistice Crossing
10b5d433-b638-462e-b493-d4816a482a20,Tallie,Gibbetts,tgibbettsir@infoseek.co.jp,Female,34170 Hallows Drive
8f33f4a8-d6c2-4e89-83b2-54c053d5cfab,Myrah,Insko,minskois@cpanel.net,Female,0 Donald Pass
42a2f953-6c7d-49c2-b481-327acb53c6c4,Sheilakathryn,Toombs,stoombsit@lycos.com,Female,00957 Buell Lane
f9363f42-5202-4674-949e-75855f3ec99e,Dieter,Hinsch,dhinschiu@slate.com,Male,68297 Russell Road
1f84eb8c-bdd2-4bcc-bc01-ed49905a2f9c,Lilla,Cowburn,lcowburniv@histats.com,Female,3 Northwestern Trail
54cac0f7-5a63-4245-a49b-1e086844f2dd,Amabelle,Keelan,akeelaniw@google.com.au,Female,6764 Tennyson Street
fc194d81-d24c-4acc-afef-a53aae00621f,Hollyanne,Underhill,hunderhillix@bandcamp.com,Female,2 4th Way
5dff222b-0e01-4afb-ac3f-0072095d8b39,See,De Vere,sdevereiy@earthlink.net,Male,2 Crest Line Park
82b9afd9-7592-4565-8bc0-e3b923880a1b,Krishnah,Myatt,kmyattiz@washington.edu,Male,509 Becker Lane
e48396c8-0ec2-4dfc-b47a-81206f0687bc,Hollis,Frantzeni,hfrantzenij0@webnode.com,Male,05 Dwight Terrace
09bd1fd7-d6f5-444b-a8bf-feeb0fa9356c,Jamima,Spadollini,jspadollinij1@nih.gov,Female,0779 Mayer Park
075ed8eb-7b98-45a8-831d-c960e1679f74,Bonnee,Elcoate,belcoatej2@nyu.edu,Female,321 Truax Place
58e94038-f3d2-41b3-8999-d42078142dca,Camella,Kleine,ckleinej3@google.co.uk,Female,210 Forest Crossing
448d6c47-bbaa-44c6-af44-00d0ef1dc137,Emelia,Skune,eskunej4@tinyurl.com,Female,765 Dottie Hill
fc357082-036a-4b3e-9780-024ef422acad,Renaldo,Dommersen,rdommersenj5@illinois.edu,Male,4971 Ryan Drive
4339d971-47f6-4b74-9c4b-92e91cba58ea,Piotr,Regi,pregij6@gravatar.com,Male,9790 Melrose Drive
713627fe-e665-4f36-964a-d4620ebf76fc,Mendel,McCotter,mmccotterj7@constantcontact.com,Male,505 Corben Center
8afd0866-ceb9-4d2a-bf91-dae55975c412,Corbin,Baert,cbaertj8@prnewswire.com,Male,396 Daystar Circle
0792a847-7e27-4667-b404-7fab95da98ed,Angela,Isaksen,aisaksenj9@amazon.com,Female,58720 Union Court
eea14e01-b3d5-4d70-bf61-f7ee01d27fd6,Odelle,Iveagh,oiveaghja@dion.ne.jp,Female,8732 Haas Street
15b3908a-eac9-489b-b965-4c635480dd57,Tucker,Dinwoodie,tdinwoodiejb@discuz.net,Male,9563 Express Place
5359398e-cd3d-43b7-9171-926815bf08cb,Theo,Smurthwaite,tsmurthwaitejc@google.es,Male,7274 Main Place
72be1397-b2d5-48f9-8f73-5f4e9d262d36,Shellie,Weatherhill,sweatherhilljd@hatena.ne.jp,Female,6762 Superior Street
c0ddd676-fdf7-45e8-b2b6-549c0ffed314,Randa,Ditt,rdittje@pbs.org,Female,94 American Street
9e74809d-510e-49dd-9e10-8d1097e43ef9,Conway,Dyas,cdyasjf@flavors.me,Male,18 Beilfuss Pass
ece20cd7-4ade-42e5-b9d1-4e66a29b5258,Brook,Madoc-Jones,bmadocjonesjg@ucoz.ru,Female,76 Village Green Street
e653eac4-0fca-4cb3-a723-4c2ecd7b49b8,Albie,Parnby,aparnbyjh@opera.com,Male,1 Loftsgordon Point
5f453198-9dbb-4fd4-ab9f-cb1d33b005e2,Devonna,Bernaert,dbernaertji@delicious.com,Female,75 Aberg Pass
5f3c5c5d-0f8b-4706-8285-1f80fe74e82d,Torrin,Jenkin,tjenkinjj@ucoz.com,Male,12 Randy Plaza
450bb9e6-e174-45ad-98d4-5f73f751d624,Ingrim,Jervois,ijervoisjk@sun.com,Male,22101 Drewry Road
40c7e853-ada8-462f-b453-0eb6243574f9,Winnie,Wastling,wwastlingjl@mashable.com,Female,9 Schiller Way
898cc0d0-1b93-4522-a0e7-5bcc6f6e90bf,Anastassia,Frantsev,afrantsevjm@soundcloud.com,Female,17744 Algoma Junction
87d9fba5-9e4f-4a8a-ac6e-77dc66218ccb,Carroll,Fawltey,cfawlteyjn@mediafire.com,Female,47860 Knutson Trail
87ece3e4-5241-4ae8-968d-d1bc443d621f,Maurice,Ladbrook,mladbrookjo@biblegateway.com,Male,106 Linden Hill
0e533df1-72d0-4630-a518-3bc687ef365f,Lona,Brazener,lbrazenerjp@rambler.ru,Female,50 Fisk Junction
0d80fa74-852c-40e0-9d59-18ab768485b8,Kassey,Heatlie,kheatliejq@github.io,Female,101 Truax Park
20cc62be-1dd1-4f0f-a2cf-9ca23394d775,Willis,Berrigan,wberriganjr@huffingtonpost.com,Male,36 Di Loreto Point
347ecfa4-e0f7-4a98-838a-1c0d9bebd383,Sandra,Drury,sdruryjs@home.pl,Female,36843 Corben Way
48c816cd-6008-4a0d-bae1-9145247a31b7,Bear,Slogrove,bslogrovejt@bloglovin.com,Male,5 Butternut Lane
51c326d6-299d-4a1c-8fc0-95d6671f62e1,Georgine,Graddell,ggraddellju@home.pl,Female,06 Toban Park
1fd4afc8-27fa-420f-970c-df73cd78cb2f,Garvey,Dowglass,gdowglassjv@amazon.co.uk,Male,91 Lake View Circle
0c6efa15-a630-413a-8e62-2105d5da2331,Elbert,Bruineman,ebruinemanjw@bluehost.com,Male,9570 Farwell Trail
a38dae6f-8d37-4c54-ba6b-92752d08aa52,Tommy,Bottelstone,tbottelstonejx@mysql.com,Male,30120 Glacier Hill Drive
9e5ed190-a81f-4655-8db3-8ef08699e221,Chicky,Wark,cwarkjy@kickstarter.com,Male,20 Garrison Way
62483596-8169-47b0-85f2-97ab08a75f60,Joyann,Gietz,jgietzjz@t-online.de,Female,3 East Crossing
e0fda54b-e4d5-4dc2-a2f3-4928a552546a,Gordy,Charters,gchartersk0@netscape.com,Male,3 Melby Terrace
7cd451d2-aafd-4381-b906-dd57b66d455c,Darcey,Aronowitz,daronowitzk1@shutterfly.com,Female,6372 Hazelcrest Way
14a73d2f-0078-409a-8105-69fbe9e186c5,Joey,Lucchi,jlucchik2@weebly.com,Female,5363 Vera Point
8c7aeab9-b02f-47f0-83de-82ccc4ea0759,Chandal,Ivanchin,civanchink3@wired.com,Female,049 Holy Cross Court
c4990e28-ab7a-4aba-8d14-4b07691c5255,Jacquie,Macci,jmaccik4@imdb.com,Female,0 Everett Park
2a3e6771-50fd-4a6e-bd6f-a11aa8a48ddf,Vallie,Blencoe,vblencoek5@deviantart.com,Female,11 Hudson Parkway
f73c074f-502f-47d8-a4df-86c593970547,Rowland,Maytum,rmaytumk6@webeden.co.uk,Male,2 Buena Vista Pass
6fd2ce5f-9376-448e-952d-d3b6704b8412,Tammie,Hanscomb,thanscombk7@ted.com,Male,60 Ridge Oak Plaza
26282295-ee53-4cdb-bf54-a1019ad35d9e,Rutherford,Gumbley,rgumbleyk8@wix.com,Male,9058 Towne Plaza
268e47a3-26f7-4e03-974b-10e071cd81b8,Filippa,Asplin,fasplink9@list-manage.com,Female,7 Hovde Drive
df3d39ce-ed0d-4095-9474-9bd7a74b9080,Mariejeanne,Darwin,mdarwinka@theglobeandmail.com,Female,09 Grayhawk Parkway
73a1b7b6-a147-45c7-b993-e2d42cdb5b08,Trista,Goward,tgowardkb@illinois.edu,Female,8 Onsgard Court
98f1a9cc-155e-43db-acf0-6cff60e23573,Ariel,Coppens,acoppenskc@techcrunch.com,Female,47 Evergreen Lane
e46a900f-c40e-4c9d-9705-cacef85d414a,Hamid,Longshaw,hlongshawkd@gmpg.org,Male,60 Gina Plaza
2e6b42d9-e7cd-4f73-a9d7-8acafaecd7ea,Ryun,Jeanes,rjeaneske@netlog.com,Male,736 Tennyson Way
218f6217-0d5e-4aee-922f-f0e86f8483ed,Sheridan,Blain,sblainkf@elpais.com,Male,16652 Eggendart Alley
21f12ff6-0a5a-4d43-8590-48bab830abf0,Sterling,Hunton,shuntonkg@sourceforge.net,Male,42192 Waubesa Lane
bf81b845-17d9-4476-a3d9-1cfd2a4c369f,Fred,Waszczykowski,fwaszczykowskikh@msn.com,Male,34577 Lake View Pass
62fc8fa4-3a05-48f4-8620-91befdc3f65d,Yasmeen,Okeshott,yokeshottki@people.com.cn,Female,75 Lerdahl Center
d43e6947-0ad7-44f7-a1b0-3ff7803c0fbe,Moira,Lockhurst,mlockhurstkj@sourceforge.net,Female,280 Thackeray Lane
70ffefa1-424a-477f-ab53-71fba203d0ab,Sigismund,Muldrew,smuldrewkk@zdnet.com,Male,0 Acker Lane
0f1508e2-ae38-4446-9141-b75278a4d104,Gabie,Brearty,gbreartykl@fema.gov,Male,0283 Kinsman Place
bc13d376-d654-46d1-a57c-97aaf4436e91,Samantha,Frangleton,sfrangletonkm@un.org,Female,51360 Artisan Way
b1d9e0b0-410d-43dc-b029-e51ed4178d54,Kellina,Gladdifh,kgladdifhkn@youtube.com,Female,1172 Elka Street
abbfd720-465e-4873-a848-1ce1ab50b8c7,Harvey,O'Sharry,hosharryko@indiatimes.com,Male,1 Cody Point
1b287ff4-f365-4aba-b9a9-bec191f018db,Dania,Oxenford,doxenfordkp@tinyurl.com,Female,56537 Autumn Leaf Plaza
b5c90808-206c-471c-a0c6-d6d0cff6c7a8,Winnifred,Arundel,warundelkq@posterous.com,Female,865 Ramsey Parkway
cc6e763f-5aa2-445d-93bd-82f47a61193f,Rockey,Fetter,rfetterkr@hubpages.com,Male,4557 Sullivan Terrace
e07b04ee-2da3-406e-9e81-f8fe4a9b11ff,Orland,Stonelake,ostonelakeks@g.co,Male,19956 Barby Lane
a303f342-0fc6-431f-9c68-aa6d52b940e1,Abelard,Halfhide,ahalfhidekt@nature.com,Male,9607 Straubel Crossing
8d620e10-eda7-43d4-b9b9-a7bbd0642d59,Gabriela,Burburough,gburburoughku@usatoday.com,Female,82 Buhler Alley
1243f498-f6e5-4c17-924a-2b2696949b28,Bibbie,Creber,bcreberkv@skyrock.com,Female,54 Tomscot Trail
3aa59d3e-d499-4e98-93a0-cbe01baf42a8,Claude,Burrage,cburragekw@stanford.edu,Female,5961 Mariners Cove Drive
758ebdae-94a9-450e-b8e7-ac601b4fca7a,Devon,Ingerman,dingermankx@plala.or.jp,Female,6 Anzinger Center
01b62e51-1ea6-4083-9a77-f3703be03aef,Hildagarde,Haime,hhaimeky@linkedin.com,Female,5 Rutledge Plaza
26d200e0-41f1-4f8c-bbb1-cbd3591fa40d,Mercie,Stanlack,mstanlackkz@is.gd,Female,058 Schiller Street
6a4eb6a9-bbda-4cda-af23-37efba24853f,Gael,Beckerleg,gbeckerlegl0@51.la,Male,77405 Ridge Oak Trail
39fd6fa8-b8b4-4789-acfd-dbd430853a81,Keefe,Kulver,kkulverl1@clickbank.net,Male,2 Glendale Lane
0a4dea00-27ff-4a53-985c-356567e4bf61,Tammi,Padilla,tpadillal2@princeton.edu,Female,18536 Burrows Parkway
05cdf17e-2b66-45a3-903e-d3558167c678,Caralie,Point,cpointl3@soundcloud.com,Female,469 Mandrake Center
e20c24b8-9643-4320-b9fd-e671ecac429f,Rikki,McCotter,rmccotterl4@nytimes.com,Male,4327 Merchant Alley
114c1be2-1f3a-4834-9f63-5ac0d1860df4,Meier,Petera,mpeteral5@cdc.gov,Male,73790 Lakewood Parkway
e562362d-891f-4391-86e2-a48a2468772f,Tedda,Ungaretti,tungarettil6@vimeo.com,Female,3385 Northland Hill
58b0f362-7c6e-41f2-9bc9-ee0ea7607de1,Corty,Capponeer,ccapponeerl7@sogou.com,Male,2861 Stang Hill
3949342e-3c99-499a-8546-b5261c4919c1,Hervey,Calfe,hcalfel8@dailymail.co.uk,Male,9305 Iowa Terrace
91e722e8-08e8-432b-a00d-351f17fe9e3a,Gwenni,Perle,gperlel9@bloglovin.com,Female,1 Menomonie Lane
6dd45182-6a98-48dd-9df0-a8451df78ed8,Iormina,Ridel,iridella@marketwatch.com,Female,5910 Havey Trail
bfb08953-dc70-42dd-8d91-68984caf70da,Hartwell,Tettersell,htetterselllb@booking.com,Male,47 Schurz Way
6a726177-0f49-4c81-b357-ca58f0fb8f4f,Vinnie,McGarel,vmcgarellc@ucla.edu,Male,914 Erie Drive
cb653069-f401-439e-9732-b3aab74b04d5,Boony,Bulloch,bbullochld@rakuten.co.jp,Male,3790 Springview Terrace
f4659273-a0ae-4c1f-92e9-9ecc54c3dfaf,Debby,Sandercock,dsandercockle@pinterest.com,Female,6 Melody Pass
b27fe409-93df-48dc-ade0-58bc46c0a514,Lorita,Linsey,llinseylf@soup.io,Female,1 Springview Avenue
82a0da4c-e13c-4dbf-b3df-076edc94e062,Terra,Pettican,tpetticanlg@gmpg.org,Female,13 Cambridge Trail
22c0d918-389a-4a0c-976a-fa67a49c61ea,Tuck,O'Loghlen,tologhlenlh@cocolog-nifty.com,Male,15 Novick Center
796b39a1-aa02-4bf2-8865-e0bbffb21ead,Annabella,Abramovitz,aabramovitzli@ucsd.edu,Female,240 Bashford Terrace
ebeee54a-cb1b-4b3b-94fd-0c67f389eb94,Benjie,Tite,btitelj@ovh.net,Male,40190 Prairie Rose Court
ca858020-beff-4763-9ce6-7826974e20a8,Wilhelmine,Feldfisher,wfeldfisherlk@si.edu,Female,67237 Miller Lane
e336ec66-e7a0-4ed9-a320-e4871f9bae70,Angelita,Kivlehan,akivlehanll@huffingtonpost.com,Female,26 Oak Valley Terrace
16c44a2e-16d3-45b3-895e-01ff31e19e10,Delaney,Colwill,dcolwilllm@mail.ru,Male,54 Morrow Road
1f70e64e-3bef-4fb6-9040-14805151c236,Les,Georgins,lgeorginsln@jalbum.net,Male,5925 Summer Ridge Avenue
3732b9c6-0fa3-421e-b8b1-bf42e0bb0d7e,Inessa,Lewson,ilewsonlo@europa.eu,Female,3646 Waywood Court
0909bf69-0bc7-44a8-97ab-55f681268658,Barn,Bramble,bbramblelp@newsvine.com,Male,3 Kings Court
b39146b3-06ba-4ce1-aa6a-a85ccc5f4e4e,Birgit,Munnis,bmunnislq@cafepress.com,Female,573 Sherman Park
3a05ba09-04b0-4e01-bfdc-a93a2fdb56fd,Alejoa,Mollett,amollettlr@tripadvisor.com,Male,8 Hovde Trail
6062f6c1-eba0-4749-8f4f-f317a35040b2,Georgeta,Edgecombe,gedgecombels@omniture.com,Female,74544 Tomscot Crossing
a8aac751-c857-4998-ab36-08e3c8591250,Lock,Bettesworth,lbettesworthlt@goodreads.com,Male,0 Charing Cross Center
0f9aa3e9-c17b-49b1-ab52-aeefbe102613,Susy,Sargerson,ssargersonlu@cafepress.com,Female,1537 Eastlawn Drive
98bf918c-0960-4881-bd19-23ec7e24a9a5,Hersch,Matias,hmatiaslv@blog.com,Male,2434 Weeping Birch Hill
48481bf3-9e42-4682-890c-933651b890cf,Bruce,Theriot,btheriotlw@washington.edu,Male,1872 Jay Way
c02cec7e-1ca3-4aa9-8173-36859a35a535,Iorgo,Rendall,irendalllx@jugem.jp,Male,65 Village Plaza
5c7d2ff2-2002-4bdf-ae9b-586af7a9760d,Vanny,Allwell,vallwellly@gov.uk,Female,84 Ohio Circle
8c423057-44ea-4f3d-b938-2c916a3729d1,Buddy,Gallamore,bgallamorelz@altervista.org,Male,81963 Dunning Street
c2ba3fb6-8e17-4699-a590-8c56e6eb0fec,Ellsworth,O'Corrin,eocorrinm0@nyu.edu,Male,44 Manley Lane
6e311bdb-6cfa-4cc5-95ad-fff928a1d0b2,Dani,Qualtro,dqualtrom1@photobucket.com,Male,79681 Hoepker Terrace
e8526231-a62c-47f2-9e5c-07e5e45cd362,Rainer,Dennitts,rdennittsm2@domainmarket.com,Male,6561 Upham Way
5c740aa6-c1ea-49cd-a3de-e2a7f2bb7268,Way,Bris,wbrism3@exblog.jp,Male,0 Pond Lane
88145e96-cb74-4a7c-8826-4ee9bb27e07d,Derby,MacAllan,dmacallanm4@acquirethisname.com,Male,4037 Miller Plaza
c20f95f6-4e67-4541-bda3-c9768b8aed90,Johann,Finey,jfineym5@symantec.com,Male,6 Hoffman Terrace
16f30833-a235-418d-aeee-a9f8146efb7e,Lawrence,Egdal,legdalm6@biblegateway.com,Male,50 Sutteridge Point
ebeba50e-43b4-4b4f-8fd0-0d6f4e9642c5,Omero,Peek,opeekm7@g.co,Male,58 Huxley Terrace
cf1b33a3-7f1a-43b6-8886-63f3b33df3b9,Tammy,Fendley,tfendleym8@w3.org,Male,272 Lyons Parkway
3e09ba29-819b-4284-a9a9-01bca93680f9,Roseanne,Capelin,rcapelinm9@photobucket.com,Female,37449 Eggendart Pass
608db7c6-dffd-423c-9f8c-ba9b78baae83,Bald,Philpotts,bphilpottsma@desdev.cn,Male,11997 Holmberg Junction
9df0c207-301c-48f2-9ea9-5fb9a7320176,Washington,Summerell,wsummerellmb@cornell.edu,Male,52 American Ash Circle
1ac6371a-7acc-4a7d-adfb-dc8f8478e794,Shir,Struttman,sstruttmanmc@google.ca,Female,60682 Montana Terrace
808162b8-811d-4c0e-9a96-57dbbb799d86,Cybill,Plait,cplaitmd@reuters.com,Female,41 Linden Alley
768e5e93-6512-4bda-a381-7c307a79dd72,Darryl,Stodart,dstodartme@facebook.com,Male,8 Arizona Park
20c8af82-a3b5-49c5-9967-9c2aa9cdf43b,Ebonee,Perott,eperottmf@feedburner.com,Female,9 Artisan Court
07608bc9-ab71-425e-9dfb-040754f17a19,Marin,Wozencroft,mwozencroftmg@about.me,Female,79 Elgar Circle
0fc8c2a1-8e7e-40bc-9935-0461ced6d312,Nigel,De Robertis,nderobertismh@google.com.br,Male,595 Pine View Center
a2f24e7d-7150-4ae1-b6db-0fdf491892a4,Guthrie,Baake,gbaakemi@google.pl,Male,7646 Rieder Plaza
49a863d7-bef3-4009-b58c-469f0a703d00,Madonna,Donisi,mdonisimj@dion.ne.jp,Female,227 Hansons Park
b7daaa71-4bd0-4649-862e-0bb08935faa9,Marcello,Mannock,mmannockmk@java.com,Male,0 Paget Street
682d48dc-1c4c-46e1-9fec-05f3468a8f73,Beret,Dominichelli,bdominichelliml@amazon.co.uk,Female,8755 Elmside Circle
b2a2ca5b-4140-44e2-bea5-8620e1ab8efc,Henrik,Jedrachowicz,hjedrachowiczmm@hugedomains.com,Male,85 Butternut Avenue
c84d20e0-2448-4ef0-a857-62d8b4c1a7a3,Trumaine,Strooband,tstroobandmn@woothemes.com,Male,2077 Service Way
4249a5c5-a0ef-4d2d-8f54-4871bd5e657f,Byrann,Garnsworth,bgarnsworthmo@mlb.com,Male,66 Magdeline Lane
5a763884-4c80-4c90-9284-fc81f58e2960,Petrina,Merdew,pmerdewmp@senate.gov,Female,0 Kenwood Court
2ea9c63d-8cb0-4e3c-939d-ee3dafbf599b,Cordelie,Varsey,cvarseymq@columbia.edu,Female,5 Fuller Crossing
f533d61f-309c-4fff-8f51-e8d9a7106079,Emile,Lippitt,elippittmr@accuweather.com,Male,9 Lotheville Park
549c9c90-dc8f-4f5a-ab24-3536648b7923,Davin,Mungin,dmunginms@networksolutions.com,Male,52774 Claremont Hill
5cc474a8-aa1b-4087-9103-c11761ea3b04,Isidro,Eisak,ieisakmt@vimeo.com,Male,22211 Glacier Hill Avenue
fb5173de-d0b2-499e-b4b7-bdecbf53c8cf,Adriane,Bernhardi,abernhardimu@apple.com,Female,6 Schurz Avenue
85b2d84a-b6dc-4bef-94a9-57ca4f4da5ab,Rickard,Lagadu,rlagadumv@ucoz.com,Male,88413 East Lane
cf620935-2516-4ff4-821b-c5618d01b27d,Janifer,Ivanikhin,jivanikhinmw@usatoday.com,Female,29 Lyons Road
3d549823-b4ee-4918-b018-632f397e1e28,Izaak,Phette,iphettemx@jimdo.com,Male,3 Forster Pass
f38ca374-15b6-4dac-b670-f043f6f748e1,Jeana,Fulun,jfulunmy@abc.net.au,Female,94 Jay Plaza
63196483-cb77-477a-b601-414dbc53ec97,Madelena,Mettricke,mmettrickemz@cbc.ca,Female,5 Harper Parkway
46d057d1-d458-411d-8db4-119f2dc6318c,Isaiah,Struys,istruysn0@yellowbook.com,Male,63421 Mariners Cove Crossing
a6c1e3de-7a1b-40a9-9611-79d89c5ccc46,Petronille,Linthead,plintheadn1@cafepress.com,Female,26 Cordelia Drive
3e3fcf57-a3b8-4aa6-9f12-03edda4583fe,Dorey,Avramow,davramown2@sakura.ne.jp,Female,4 Raven Junction
0e3b2d44-c552-4848-9016-b76555b793ea,George,Cronk,gcronkn3@feedburner.com,Male,689 Comanche Alley
9a2e3a4b-8a1e-470b-8f1f-b15497fe2ba8,Melesa,Klaiser,mklaisern4@rediff.com,Female,6 Alpine Circle
99782a61-71b2-48df-ae7a-5ed6f1c9c098,Wini,Bim,wbimn5@barnesandnoble.com,Female,0644 Anthes Street
90dcaae5-1e40-4083-864d-29982407fac5,Etan,Monkleigh,emonkleighn6@acquirethisname.com,Male,75066 Melrose Center
93788c55-7075-4007-8523-c1ee1f22cd83,Cly,Affron,caffronn7@cornell.edu,Male,7 Fuller Terrace
9cc98d6a-50ce-44e3-ba30-852777fa7d56,Schuyler,Kop,skopn8@msu.edu,Male,9175 Mccormick Terrace
5d72b177-5eba-4427-a715-6775737073a9,Gayler,Macrow,gmacrown9@nbcnews.com,Male,48 Elgar Park
0f2f4908-3772-47ca-97ca-c842d0ee2e72,Carlee,Powley,cpowleyna@angelfire.com,Female,67015 8th Point
e4823acb-034a-4282-ad02-b37151f9c9c7,Olivie,Hutable,ohutablenb@miitbeian.gov.cn,Female,7 Coleman Lane
07db5d48-893f-4931-a226-58c7d30c60e6,Birgitta,Stanway,bstanwaync@clickbank.net,Female,709 Westerfield Park
23b12bb9-b120-4eeb-8d4b-ee040b73ea5a,Adele,Osgar,aosgarnd@dyndns.org,Female,52 Buena Vista Street
4e281d8a-0b4d-4a7a-9b75-9fa4f883c619,Arv,Endrizzi,aendrizzine@imgur.com,Male,4 Clemons Court
d2e6cec5-34cc-4332-a936-4c4e3b740644,Violetta,Donneely,vdonneelynf@home.pl,Female,24749 Dawn Alley
ebf08beb-8a7a-4027-b2fe-cf665e43ab58,Bellina,Kemble,bkembleng@bloomberg.com,Female,015 Ohio Circle
ebbcb676-bf7d-44b6-9304-76b88239a723,Arabela,Mulvagh,amulvaghnh@unc.edu,Female,5 Lien Avenue
761a88e4-9d62-4d59-9ec2-1eb9b669bbb3,Michail,Ledbury,mledburyni@usatoday.com,Male,63 Monument Place
dc1c05d4-132f-4bdf-a9d6-3c433f18ea88,Lee,Mayers,lmayersnj@bandcamp.com,Female,83 Mosinee Point
11c2e36c-41b5-4ffb-a411-b66a3d937938,Katha,August,kaugustnk@nydailynews.com,Female,3752 Morning Way
6454e16d-b0cc-496c-9dcf-44062374bd89,Rosco,Gulk,rgulknl@usnews.com,Male,840 Service Place
f7a86189-2865-4aa1-ad01-2a8908c5ff1a,Arin,Cracie,acracienm@unesco.org,Male,4 Northview Road
d174accd-b343-4956-8485-37bce2735178,Melanie,Plumbridge,mplumbridgenn@businessinsider.com,Female,1244 Pearson Court
0fb05630-daa1-4ac3-a949-1c4bc975e8a6,Geraldine,Siddons,gsiddonsno@bandcamp.com,Female,823 Holmberg Point
9a0ee1ba-f284-4120-a491-be099b54725c,Hercules,Blackden,hblackdennp@weather.com,Male,2237 Hayes Trail
61604cba-61d0-4f54-a85e-964d2b2880b2,Akim,Shambroke,ashambrokenq@booking.com,Male,285 Oak Terrace
3d7b2970-a0ba-4589-9b35-94f9ef5a38a2,Skylar,Epine,sepinenr@google.nl,Male,9 Monterey Hill
540485f5-de15-48c5-92b8-2df039746104,Bennett,Folomin,bfolominns@ezinearticles.com,Male,08821 Delladonna Crossing
bc2c8da6-f663-4ace-b35c-7990cb4acd43,Christa,Shankle,cshanklent@timesonline.co.uk,Female,60855 High Crossing Park
2c45ff34-841d-422f-96d5-0600b000f1a2,Ricardo,Tregunnah,rtregunnahnu@scribd.com,Male,31 Springview Center
df8b19de-787f-471c-8666-05c2df3af015,Loria,Penhearow,lpenhearownv@webnode.com,Female,12 Stuart Center
23d7ba2e-76a6-4b4a-8d2d-0129e23b1f64,Davon,Blagden,dblagdennw@jalbum.net,Male,63159 Bobwhite Park
04a4912e-e674-4098-b320-8cec602748dc,Noe,Worthing,nworthingnx@ucla.edu,Male,31 Schlimgen Court
661479de-a9ad-4ff2-8b02-20b06cc92470,Stafford,Grimes,sgrimesny@posterous.com,Male,8832 Jenna Trail
49b9deaa-c0e5-44fe-8e82-4d007eb652ee,Giulietta,Dewes,gdewesnz@arizona.edu,Female,335 Ludington Center
97585e16-94dd-4e12-bd6b-399588ae1d25,Lionello,Clement,lclemento0@tripod.com,Male,01097 Norway Maple Hill
2a8fe93d-ec12-4fba-96cc-815c8cdd62a6,Kandace,Kaplan,kkaplano1@drupal.org,Female,6130 Stephen Plaza
3402f096-6914-47c0-9787-724e38e584b0,Jereme,Burnsall,jburnsallo2@123-reg.co.uk,Male,88 Ridgeway Drive
68ea1459-c3ae-447e-9d93-a22fdbf132f6,Dorette,Avey,daveyo3@xing.com,Female,4 Farwell Park
9b6538c3-d4cc-43b9-8ca0-16158b7380f4,Egan,Ambrosoni,eambrosonio4@elpais.com,Male,206 Pennsylvania Crossing
9cae7274-14a1-47af-8a79-52a4435f298a,Ariel,Alkin,aalkino5@mlb.com,Male,484 Tennessee Avenue
12c8ba16-ce02-4f50-8335-a1ca4048da4e,Marcile,Dorro,mdorroo6@creativecommons.org,Female,68 Heffernan Avenue
9606fee3-bf11-4710-9968-ccaea2c3fbe5,Anastasia,O'Cahill,aocahillo7@reddit.com,Female,92 Cardinal Circle
cb7e68bd-ab96-4f22-a422-1254014bd09b,Ozzy,Stiffkins,ostiffkinso8@washington.edu,Male,39 Pepper Wood Road
4c6487ae-510d-42b3-bdc3-2974c5252710,Lauraine,Cranstone,lcranstoneo9@biblegateway.com,Female,6 Tomscot Parkway
c8ccc015-e5f4-4c9c-8aa2-41b0a458f06f,Nobie,Le Franc,nlefrancoa@ning.com,Male,77 Dawn Point
c646da8c-41e8-4552-a5ae-f6f4a923718e,Dolph,Tremelling,dtremellingob@blogspot.com,Male,804 Tomscot Drive
dfa64f01-8c7c-4cdd-b646-080900c41682,Gisele,Jemmett,gjemmettoc@bizjournals.com,Female,1221 Morningstar Lane
e67b00d4-d0a3-48d5-9460-fa1007d19522,Reena,January 1st,rjanuarystod@addthis.com,Female,2 Annamark Plaza
55f4f5ca-c9c7-421a-9699-e2e928c4dad3,Raven,Starsmeare,rstarsmeareoe@posterous.com,Female,4 Forest Dale Drive
b1c04348-4892-4da4-814b-aaa610d72578,Alon,Ekless,aeklessof@twitpic.com,Male,29027 3rd Avenue
1724c1ca-53cc-4a1d-92a4-daa2dd99efd8,Davina,Aingel,daingelog@friendfeed.com,Female,726 Haas Terrace
5a329ae7-368c-4d5b-8b32-1b2752b7e399,Darla,Dehm,ddehmoh@shutterfly.com,Female,22 Graedel Drive
fe138be4-b93a-4eca-af13-7248c2c60ea3,Marlena,Gallaher,mgallaheroi@cocolog-nifty.com,Female,1 Springview Terrace
b325d9d3-20f9-4f91-8ac2-e2074892009c,Tomaso,Zuenelli,tzuenellioj@so-net.ne.jp,Male,994 Homewood Lane
4aa5f027-09e7-4bca-bbba-398cdeb2f88d,Ben,Matthew,bmatthewok@hostgator.com,Male,53665 West Circle
ce8f6d3e-fd50-4814-8f4e-bff070ee4cdb,Phyllida,Hadleigh,phadleighol@virginia.edu,Female,50348 Forest Point
4ac794af-b807-4f78-979d-f7ae5f482035,Denise,Sharville,dsharvilleom@google.it,Female,275 Evergreen Place
d539999d-2913-4f5b-a7be-17e5989f03e3,Gerhardt,Waddoups,gwaddoupson@va.gov,Male,15098 Mockingbird Place
8ceafb6d-62f6-43a9-a77f-a2ef6116512c,Serene,Abbs,sabbsoo@canalblog.com,Female,06190 Dexter Way
f610bb87-c844-44b9-986b-379d5a345ea8,Nappy,Quinn,nquinnop@paypal.com,Male,32 Petterle Center
d8118059-e554-4ad3-a447-090936ae6506,Alyda,Enright,aenrightoq@cnbc.com,Female,0 Ridgeview Crossing
7369a0d0-2b5a-42db-836d-6b17299bbbc8,Carri,Mesias,cmesiasor@spiegel.de,Female,51 Roxbury Point
20f0961e-7f4b-4a64-8990-def12c2bc17f,Reube,Peasegod,rpeasegodos@sphinn.com,Male,189 Arizona Drive
39a76d2e-26f5-46e5-887e-0fff8941c951,Birch,Maidstone,bmaidstoneot@goodreads.com,Male,0 Sutteridge Place
34edaf13-5125-4a92-b4f7-d2115f24ed91,Nat,Piggford,npiggfordou@meetup.com,Male,452 Novick Circle
8b649a8b-9111-4753-bc6e-3c0ca1f6fb76,Maurie,Lydster,mlydsterov@twitter.com,Male,8 Myrtle Circle
4f85d505-b96a-4ea7-a3f7-82e43fba5ef2,Torr,Hiddsley,thiddsleyow@aboutads.info,Male,87900 Artisan Junction
8528d1ca-ec07-4af9-aa15-412246e7d535,Halsy,McRannell,hmcrannellox@hc360.com,Male,4915 Mockingbird Junction
e1ea898a-b2ec-43a6-95ee-391025e7b6c3,Ravid,Terrelly,rterrellyoy@ihg.com,Male,9109 Annamark Way
7dc41dee-2f4e-4a61-a6df-b23d8e43b277,Allard,Nuschke,anuschkeoz@wunderground.com,Male,53 East Court
7824150e-6c2f-4953-97d3-fb50e046f9ab,Olimpia,Skase,oskasep0@nymag.com,Female,24690 Sauthoff Hill
7a3517e2-df3d-4e8d-b78b-ef34c9c3d671,Ingrim,Joburn,ijoburnp1@fotki.com,Male,107 Blackbird Road
12eba341-2120-4dd8-96a3-d74dbc372373,Xena,Moorcroft,xmoorcroftp2@techcrunch.com,Female,915 Tennessee Circle
b55b318f-f495-489c-8c52-6dba579f3934,Anabelle,Bellard,abellardp3@com.com,Female,56586 3rd Point
dbf3a00c-fe15-4dbf-b3ea-b6f6f8cc8fad,Phillipp,Zack,pzackp4@tinyurl.com,Male,20 Red Cloud Circle
b3cdb9a1-684e-42ef-b285-6c99a5fe0b6e,Fabe,Marzelo,fmarzelop5@flickr.com,Male,3 Green Ridge Pass
96eb1359-c1e7-40cb-b420-a2b1f4da3132,Portie,Tomadoni,ptomadonip6@wikimedia.org,Male,7 Swallow Lane
b53cac37-5d0a-4268-95c5-cdfd3fff3578,Emlyn,Rubens,erubensp7@odnoklassniki.ru,Female,567 Sachtjen Place
a4e6151f-698f-4e83-a79c-e0e66167d212,Shandeigh,Carlet,scarletp8@ted.com,Female,6 American Ash Plaza
8b0a7179-2e10-46ea-b67a-3c13ee44567a,Michal,Reucastle,mreucastlep9@freewebs.com,Female,441 Mesta Street
9995772b-cbc8-4e02-b7e8-d83c8d0c1211,Preston,Cutcliffe,pcutcliffepa@myspace.com,Male,18 Moulton Way
4a693ec8-ccc2-47e5-a639-b79c7ed3bf5a,Martainn,Greschik,mgreschikpb@123-reg.co.uk,Male,2 Amoth Plaza
a85c8612-0e44-4b00-b1f5-9f7d7b0f18d3,Munroe,Foyle,mfoylepc@discovery.com,Male,91 Loomis Lane
4b36d865-5f17-4f7c-b39a-a72dd11265fc,Wang,Orteau,worteaupd@independent.co.uk,Male,22 Schiller Drive
d9ba3660-1a70-4148-b7e0-d9f6ed5032ca,Alfonso,Aggott,aaggottpe@plala.or.jp,Male,6 Darwin Plaza
7871f39a-7b9a-466d-af75-c0ff59515fe3,Valery,Mackin,vmackinpf@google.pl,Female,6 Lake View Court
6a7fea02-f96f-46ae-93b5-34e0c58a90b3,Karl,Hadgraft,khadgraftpg@abc.net.au,Male,14434 Anzinger Terrace
0697ebe8-b4f1-4ea0-a779-df2221f772bb,Doralynn,Sims,dsimsph@engadget.com,Female,76464 Quincy Terrace
01948348-86ea-4b2e-b9a2-415a24069620,Cirillo,Darke,cdarkepi@usgs.gov,Male,7570 Dryden Road
ea188029-f372-408d-9eec-0e18287c4414,Michail,Huggan,mhugganpj@pinterest.com,Male,96704 Sauthoff Pass
ddb96f4c-6754-4e66-a8a8-7b00ef46e04c,Issie,Abercromby,iabercrombypk@prlog.org,Female,30154 Crowley Point
6e590684-5945-4170-b279-ef4fad7ec472,Minnaminnie,Broadbear,mbroadbearpl@quantcast.com,Female,9925 Bowman Crossing
72887c20-8faf-4146-a9c8-0526e6a01534,Nanine,Dubock,ndubockpm@hexun.com,Female,6 Roth Avenue
03ba64e0-1586-46dc-8fbd-a7d681f0aa51,Angil,Jochen,ajochenpn@delicious.com,Female,9 Glendale Avenue
5c310d3f-8b40-4e46-a16c-d56d34cae629,Lock,Yuryichev,lyuryichevpo@gravatar.com,Male,4 Linden Drive
de7affbc-8c2f-414c-9b36-6ef935aecb2e,Mohammed,Breddy,mbreddypp@drupal.org,Male,9323 Bluestem Pass
7ea6b104-24b6-4a31-8640-2e3126172c95,Townsend,Collet,tcolletpq@weebly.com,Male,8543 Ridgeview Parkway
ac26f46d-f16d-415d-bc05-0709f3bbea30,Emmaline,Bader,ebaderpr@networksolutions.com,Female,194 Hauk Hill
191e3685-aedc-4a79-ad25-13316618bbc1,Donaugh,Grima,dgrimaps@yale.edu,Male,84305 Evergreen Plaza
0dec985b-e9f3-44c3-b4c9-f0ee722b7af4,Cart,Najafian,cnajafianpt@aboutads.info,Male,7 Clarendon Plaza
8707d2ab-15f5-4dda-9006-54775394a7e6,Sheridan,Lober,sloberpu@nbcnews.com,Male,77 Elmside Terrace
f74685c7-a357-4e6d-8e3c-c8749696de8f,Osborn,Yankishin,oyankishinpv@rediff.com,Male,6518 Tony Parkway
cbfc6726-4c9d-4096-9bf6-ea8c688fde26,Brigid,Stewart,bstewartpw@ucoz.com,Female,92505 8th Alley
a345830b-123e-447e-9f98-06a2b567ffe4,Dwight,Stenet,dstenetpx@prnewswire.com,Male,389 Riverside Alley
f8f84c79-1356-4390-8955-b38a9f95117e,Adam,Heims,aheimspy@google.pl,Male,728 Burning Wood Trail
d325e3be-6e0c-4e09-98ed-c81ad63a41ef,Erwin,Zanioletti,ezaniolettipz@miitbeian.gov.cn,Male,70201 Vidon Center
16f9299b-58bb-4a8a-b654-cebc76a27174,Hamel,Cansdell,hcansdellq0@bravesites.com,Male,066 Luster Park
8db95cd5-7b8d-4a0e-acc2-bb1af741eb6f,Drucy,Hurich,dhurichq1@vk.com,Female,774 Killdeer Place
c9e7a1ed-e6da-4f04-91f9-d0d1f78ea897,Lucius,Heiden,lheidenq2@google.com.br,Male,08 Jay Pass
79d01576-4e26-4bd4-8c32-f4234b900d36,Selby,Tremolieres,stremolieresq3@sphinn.com,Male,5 Spenser Pass
337dae69-5656-4e96-9dd0-1160ffbc47cf,Jeremiah,Vampouille,jvampouilleq4@hp.com,Male,1129 Kennedy Terrace
dfe984e3-67fe-4105-a228-88cdc82150b4,Pierre,Newham,pnewhamq5@youtu.be,Male,33697 Ridge Oak Center
0cccb86d-0729-4a67-97d8-f5f11b194904,Brent,Plenderleith,bplenderleithq6@cyberchimps.com,Male,48084 Colorado Trail
24246ea3-ccb2-4bbc-b154-9acf6627f862,Berky,Lahiff,blahiffq7@nbcnews.com,Male,36359 Del Mar Drive
7a604824-638c-4f8c-aae6-ed2c73ad258e,Hilliary,Bartaletti,hbartalettiq8@de.vu,Female,6178 Eggendart Plaza
69939b69-56a5-4370-b6ac-bc56e2b08f2a,Antonius,Griss,agrissq9@nature.com,Male,27 Westridge Point
b5957b25-41ac-4b2b-ae93-4a6a4d436852,Sebastian,McGarvey,smcgarveyqa@macromedia.com,Male,34101 2nd Trail
6584ec13-d14f-40d4-ade9-71313ef18b3e,Sabrina,Jameson,sjamesonqb@nhs.uk,Female,6 Spaight Way
1c72112b-d11c-4398-af1a-502987cf60f7,Mozelle,Gorton,mgortonqc@lulu.com,Female,9739 Oakridge Park
86e9b67e-e89d-4cb9-90b0-458d61e69a79,Kerk,Rulton,krultonqd@fastcompany.com,Male,76698 Caliangt Alley
e3589273-0368-4712-9077-5d60ea98cb46,Clem,Gravie,cgravieqe@google.es,Male,3 Ilene Drive
ab492591-51fb-4bee-b0ff-a6024ded5c7f,Krystle,Sutherington,ksutheringtonqf@topsy.com,Female,9132 Sullivan Road
377524c9-68c4-4355-94d3-3d5ba792fa88,Bryanty,Hawkeridge,bhawkeridgeqg@forbes.com,Male,22837 Everett Circle
c012cb4c-2e49-48c4-a77d-130f8ffa913e,Nara,Ockwell,nockwellqh@symantec.com,Female,266 Sunbrook Hill
00878ebf-d37d-4664-b1bf-824e1e74f1dc,Farlay,Iley,fileyqi@dagondesign.com,Male,630 Novick Court
f0e932dd-6261-4fd0-b845-d2e91cd5e275,Jessa,Jedrzejewicz,jjedrzejewiczqj@pcworld.com,Female,83 Atwood Drive
cc3d4f57-3347-4a77-b39f-2a7a3173a551,Krissie,Capel,kcapelqk@yahoo.co.jp,Female,75675 Twin Pines Crossing
533dc287-012e-47a3-92ee-ac9f5043916f,Dolorita,Kinver,dkinverql@slate.com,Female,571 Boyd Alley
07074376-b66b-433b-8075-b7f61e4ca736,Fifi,Farrans,ffarransqm@harvard.edu,Female,046 Old Gate Crossing
b20237d9-f37d-4dbd-af59-ab2e6ba10df8,Thayne,Delamar,tdelamarqn@mit.edu,Male,073 Shoshone Parkway
42f09c9f-82dd-4cec-9b32-b4b7ffdcb957,Gerick,Aspin,gaspinqo@usgs.gov,Male,70172 Canary Parkway
ddafa639-e90e-4cb4-8e4a-02351e868fde,Livy,Arnli,larnliqp@indiatimes.com,Female,9 Miller Trail
49f999b0-2759-4367-82f1-e16f5104c241,Paloma,Balf,pbalfqq@flickr.com,Female,69890 Sutherland Center
8340a90d-4723-4d56-9ce2-ecccb2b802b7,Tadeo,Blundin,tblundinqr@amazon.co.uk,Male,6620 Acker Parkway
cd4007b6-045a-41bc-8ba8-bbdb2b2a54e8,Berkeley,Radbone,bradboneqs@plala.or.jp,Male,512 Pearson Parkway
95280341-be51-41b2-b390-854914e63bc6,Rockey,Lukehurst,rlukehurstqt@free.fr,Male,4 Continental Drive
c2f4e09e-9ac0-4e43-b9fc-30a77d1e97a6,Wiley,Donnelly,wdonnellyqu@tripod.com,Male,626 Vernon Junction
37db9f96-fc66-4523-bf77-31d3e1fe9e9c,Berton,Badam,bbadamqv@mozilla.com,Male,18 Farwell Street
03980add-c5c2-4868-8c6f-b2c478e8e765,Wynne,Woodrough,wwoodroughqw@columbia.edu,Female,3 Debs Crossing
dd905892-977f-43d0-bce1-ddf76001eb2b,Bertina,Reston,brestonqx@liveinternet.ru,Female,20 Manufacturers Hill
ed393400-a854-47ac-9d46-eea43432a17a,Charles,Yanshin,cyanshinqy@ucla.edu,Male,285 Amoth Court
a05ba591-da57-42c2-982b-e3c32b0b75ac,Misti,Brodnecke,mbrodneckeqz@marriott.com,Female,0868 Old Shore Circle
f72ae5ef-0ae7-40d3-ac9f-516b02be41fb,Cleopatra,Dagleas,cdagleasr0@diigo.com,Female,9 Scofield Trail
b71c96f8-cec1-4415-ad54-01f47ff459e7,Oralla,Whiteway,owhitewayr1@state.tx.us,Female,5 Mcguire Way
9694874d-5381-4a3b-9a56-d5910bee9d45,Silvano,Kryska,skryskar2@slashdot.org,Male,6 Killdeer Way
af2e8ee3-2467-46f9-8548-2bbe4369a7aa,Harriett,Belcham,hbelchamr3@feedburner.com,Female,37 Aberg Junction
393409df-76a0-4ae1-9d92-f4dcf3ce9b0f,Almeda,Perelli,aperellir4@mozilla.org,Female,4 Esch Hill
374e6024-c637-43f7-988d-bc144eef16e9,Stanislaw,Wardhaw,swardhawr5@tamu.edu,Male,8751 Grover Center
570c3d0c-4108-4441-9ee7-884c79cd6268,Cicily,Hassett,chassettr6@columbia.edu,Female,74415 Pine View Parkway
4a821d3b-be7b-434b-bebb-75c1ffb3d9f0,Sharl,Stockle,sstockler7@facebook.com,Female,8 Northview Alley
f63e8340-5e10-4bb0-847e-cadb2b5c6147,Magdalene,Cripps,mcrippsr8@businessinsider.com,Female,3 Park Meadow Park
5429fdbc-e770-4c4a-9404-977859fcce5c,Barrett,Saunton,bsauntonr9@businessweek.com,Male,67 Grasskamp Parkway
59ced6d8-2f10-46bf-b515-340f5406c35e,Ladonna,Usmar,lusmarra@mozilla.com,Female,0 Shopko Drive
85a95358-d05e-450f-aa8a-ea6402f49e9c,Leah,Cowpe,lcowperb@ed.gov,Female,66214 School Point
066cc65c-873d-434c-ae31-0e37f6a24c87,Erhard,Sandels,esandelsrc@goo.gl,Male,540 Meadow Vale Parkway
2fb82da6-f924-4f0f-ba82-f865dfa78032,Tera,Hunnable,thunnablerd@youtu.be,Female,7206 Kim Place
0eb0d804-1fc6-4b43-b1b6-617d27ee327b,Chastity,Hemshall,chemshallre@examiner.com,Female,8730 Hintze Junction
f7ea5031-a6b2-40c1-89dd-9ac9cccee6a6,Bettye,Schutte,bschutterf@jigsy.com,Female,476 Hazelcrest Point
b4a0f3f5-e72d-49a0-9922-eb4161839115,Tracie,MacEllen,tmacellenrg@toplist.cz,Female,44 Nobel Junction
bbcb5629-9cf7-4237-9c46-e743da3975b2,Dolf,Bille,dbillerh@studiopress.com,Male,20113 Duke Street
c5aa3b18-8a32-410b-bf39-fb2c5b2251ab,Rad,Outibridge,routibridgeri@slashdot.org,Male,93358 Fallview Parkway
1b6e2653-44ab-4d88-9770-d976f20dfd15,Stephi,Kowal,skowalrj@spotify.com,Female,93361 Myrtle Lane
588f0fee-84c9-4517-8461-3afa486c5676,Noni,Willoughey,nwillougheyrk@boston.com,Female,18509 Coolidge Plaza
5fa22341-5b37-4eb1-af52-4e889b018276,Gardy,Tyne,gtynerl@chicagotribune.com,Male,6 Cascade Crossing
c662d7a4-d805-46b7-9579-1b391583db40,Ambrosio,Woodthorpe,awoodthorperm@walmart.com,Male,91 Merchant Alley
7e1f7358-301d-4ccc-865e-b1590315b2ab,Welch,Pendleton,wpendletonrn@tamu.edu,Male,78463 Briar Crest Street
e7075919-3094-47b6-87fd-661994b3fef7,Field,Pala,fpalaro@uiuc.edu,Male,2 Cherokee Park
3eac2fe3-ba09-4266-bab8-82173faf28a1,Winifred,Butterfill,wbutterfillrp@phpbb.com,Female,5538 Badeau Park
7bfb9c15-3503-47f9-8dfb-bd077db64a8a,Granville,Oki,gokirq@canalblog.com,Male,2662 Swallow Alley
f2acafc2-d82c-4a65-8d8b-19c4a72dbf02,Mufinella,Helder,mhelderrr@chronoengine.com,Female,0 Nevada Place
